"id","category","opened","platform","clicked","purchase_value"
"User 835","A","Yes","Desktop","No",42.0848793621761
"User 662","A","Yes","Desktop","No",28.3915101668917
"User 186","A","Yes","Desktop","No",47.3475322694999
"User 302","A","Yes","Desktop","Yes",66.247656050041
"User 1570","A","Yes","Desktop","Yes",44.4306901025872
"User 1269","A","Yes","Desktop","No",43.9770327153454
"User 1917","A","Yes","Desktop","No",64.0946635993224
"User 343","A","Yes","Desktop","No",59.6097024163808
"User 769","A","Yes","Desktop","No",0
"User 1187","A","Yes","Desktop","No",99.5672223936377
"User 1038","A","Yes","Desktop","No",43.6898277625707
"User 833","A","Yes","Desktop","Yes",67.7928179764426
"User 811","A","Yes","Desktop","No",100.440002527458
"User 1896","A","Yes","Desktop","Yes",74.9346365944194
"User 409","A","Yes","Desktop","No",58.6006947334512
"User 965","A","Yes","Desktop","No",0
"User 80","A","Yes","Desktop","Yes",0
"User 1516","A","Yes","Desktop","No",0
"User 1223","A","Yes","Desktop","No",38.830248658824
"User 618","A","Yes","Desktop","No",38.2553082298164
"User 1788","A","Yes","Desktop","No",0
"User 1849","A","Yes","Desktop","No",0
"User 1887","A","Yes","Desktop","No",52.5661309825554
"User 1986","A","Yes","Desktop","No",23.6702581921558
"User 1328","A","Yes","Desktop","No",0
"User 929","A","Yes","Desktop","Yes",94.397178432497
"User 1742","A","Yes","Desktop","No",47.0606152382317
"User 1633","A","Yes","Desktop","No",51.726326938943
"User 1242","A","Yes","Desktop","Yes",0
"User 1823","A","Yes","Desktop","No",56.7741232175636
"User 860","A","Yes","Desktop","No",0
"User 1266","A","Yes","Desktop","No",0
"User 1640","A","Yes","Desktop","Yes",54.5442413475914
"User 1463","A","Yes","Desktop","No",21.6507234508023
"User 1367","A","Yes","Desktop","No",22.0883896910662
"User 1607","A","Yes","Desktop","No",53.925731221927
"User 1296","A","Yes","Desktop","No",52.7259710329908
"User 1647","A","Yes","Desktop","Yes",58.1174056749606
"User 647","A","Yes","Desktop","Yes",28.2233716955839
"User 1756","A","Yes","Desktop","No",125.271695331727
"User 1230","A","Yes","Desktop","No",0
"User 1377","A","Yes","Desktop","No",0
"User 1364","A","Yes","Desktop","Yes",86.5393923475328
"User 1469","A","Yes","Desktop","No",24.3646758497195
"User 819","A","Yes","Desktop","No",0
"User 155","A","Yes","Desktop","No",47.6715247807915
"User 1825","A","Yes","Desktop","Yes",38.0252408444645
"User 1803","A","Yes","Desktop","Yes",81.7161728534296
"User 201","A","Yes","Desktop","Yes",0
"User 1398","A","Yes","Desktop","No",31.9680205068914
"User 1768","A","Yes","Desktop","No",0
"User 273","A","Yes","Desktop","No",0
"User 1025","A","Yes","Desktop","No",89.8127684248917
"User 923","A","Yes","Desktop","No",47.6786792079157
"User 1185","A","Yes","Desktop","No",0
"User 1775","A","Yes","Desktop","No",85.6137972306888
"User 305","A","Yes","Desktop","Yes",60.5677511927682
"User 758","A","Yes","Desktop","No",56.5714053422872
"User 276","A","Yes","Desktop","No",110.208170562931
"User 949","A","Yes","Desktop","No",115.684020650109
"User 1008","A","Yes","Desktop","No",0
"User 1806","A","Yes","Desktop","Yes",106.259647069654
"User 651","A","Yes","Desktop","No",52.7032261253022
"User 157","A","Yes","Desktop","No",73.7403708931167
"User 286","A","Yes","Desktop","No",32.2052775685095
"User 1271","A","Yes","Desktop","No",71.1888051431677
"User 1559","A","Yes","Desktop","No",89.1629632739782
"User 1256","A","Yes","Desktop","No",71.6707743003326
"User 246","A","Yes","Desktop","No",0
"User 1487","A","Yes","Desktop","No",0
"User 1826","A","Yes","Desktop","Yes",0
"User 1457","A","Yes","Desktop","No",38.6936866881788
"User 653","A","Yes","Desktop","No",0
"User 719","A","Yes","Desktop","Yes",0
"User 771","A","Yes","Desktop","No",25.1428668640868
"User 1134","A","Yes","Desktop","Yes",68.694162294043
"User 1157","A","Yes","Desktop","No",46.8417952392585
"User 844","A","Yes","Desktop","Yes",0
"User 1589","A","Yes","Desktop","Yes",0
"User 1072","A","Yes","Desktop","Yes",39.5146318229286
"User 736","A","Yes","Desktop","No",39.8679604522472
"User 1427","A","Yes","Desktop","No",0
"User 1674","A","Yes","Desktop","No",60.8909540243368
"User 920","A","Yes","Desktop","No",85.0934881475223
"User 955","A","Yes","Desktop","No",26.8739839098615
"User 1870","A","Yes","Desktop","Yes",88.2089474812645
"User 1243","A","Yes","Desktop","Yes",0
"User 967","A","Yes","Desktop","Yes",0
"User 1247","A","Yes","Desktop","No",56.6146977480251
"User 1160","A","Yes","Desktop","No",104.844957525676
"User 1232","A","Yes","Desktop","No",0
"User 1257","A","Yes","Desktop","No",22.2054265280346
"User 1644","A","Yes","Desktop","No",0
"User 56","A","Yes","Desktop","No",79.7479505836671
"User 1990","A","Yes","Desktop","No",0
"User 725","A","Yes","Desktop","Yes",95.5681751709385
"User 1344","A","Yes","Desktop","No",0
"User 792","A","Yes","Desktop","No",32.3201544862847
"User 1440","A","Yes","Desktop","No",0
"User 992","A","Yes","Desktop","No",20.399120661446
"User 1370","A","Yes","Desktop","No",0
"User 281","A","Yes","Desktop","No",48.3440008628062
"User 216","A","Yes","Desktop","No",0
"User 963","A","Yes","Desktop","No",51.7710307297043
"User 501","A","Yes","Desktop","No",64.6828157670318
"User 1860","A","Yes","Desktop","No",0
"User 1020","A","Yes","Desktop","Yes",34.0549141755349
"User 664","A","Yes","Desktop","Yes",44.1017436922949
"User 1412","A","Yes","Desktop","No",35.0827844532196
"User 1935","A","Yes","Desktop","Yes",76.3654681892762
"User 1736","A","Yes","Desktop","Yes",0
"User 1588","A","Yes","Desktop","No",59.5450348025254
"User 176","A","Yes","Desktop","No",63.9894087985615
"User 1710","A","Yes","Desktop","No",62.5554501457338
"User 691","A","Yes","Desktop","No",0
"User 222","A","Yes","Desktop","No",27.7061927038046
"User 825","A","Yes","Desktop","No",96.9542392117184
"User 788","A","Yes","Desktop","No",0
"User 985","A","Yes","Desktop","No",44.4732240807809
"User 772","A","Yes","Desktop","No",41.6558800911108
"User 469","A","Yes","Desktop","Yes",66.2654869012573
"User 1741","A","Yes","Desktop","No",32.3992093505164
"User 1106","A","Yes","Desktop","No",48.1325264585088
"User 714","A","Yes","Desktop","No",58.0463028271021
"User 1696","A","Yes","Desktop","No",0
"User 392","A","Yes","Desktop","No",0
"User 1302","A","Yes","Desktop","No",73.3250317546997
"User 1111","A","Yes","Desktop","No",0
"User 932","A","Yes","Desktop","No",57.9805473514895
"User 943","A","Yes","Desktop","Yes",25.4784282361332
"User 103","A","Yes","Desktop","No",55.5719791908523
"User 1900","A","Yes","Desktop","No",122.657523754696
"User 1683","A","Yes","Desktop","No",33.8081942169821
"User 800","A","Yes","Desktop","Yes",69.5484316469531
"User 180","A","Yes","Desktop","No",0
"User 209","A","Yes","Desktop","No",67.7676086983021
"User 1303","A","Yes","Desktop","Yes",28.2010842445714
"User 64","A","Yes","Desktop","Yes",45.4504895105598
"User 383","A","Yes","Desktop","No",22.8424073671028
"User 317","A","Yes","Desktop","Yes",0
"User 1293","A","Yes","Desktop","No",0
"User 1492","A","Yes","Desktop","No",0
"User 1225","A","Yes","Desktop","Yes",31.095484929975
"User 650","A","Yes","Desktop","No",37.1857683730639
"User 573","A","Yes","Desktop","Yes",70.7715253717611
"User 143","A","Yes","Desktop","No",0
"User 612","A","Yes","Desktop","No",0
"User 1583","A","Yes","Desktop","No",29.8494761359
"User 537","A","Yes","Desktop","No",79.7104060141599
"User 1197","A","Yes","Desktop","No",48.0147986530031
"User 325","A","Yes","Desktop","No",47.6002691016621
"User 622","A","Yes","Desktop","Yes",108.350391448772
"User 1945","A","Yes","Desktop","No",52.2897308270682
"User 49","A","Yes","Desktop","Yes",0
"User 1508","A","Yes","Desktop","Yes",48.2427080969608
"User 583","A","Yes","Desktop","No",144.110917519622
"User 793","A","Yes","Desktop","No",54.8508518559322
"User 532","A","Yes","Desktop","No",39.0939256351627
"User 215","A","Yes","Desktop","Yes",0
"User 1850","A","Yes","Desktop","No",52.0842935746557
"User 577","A","Yes","Desktop","No",0
"User 941","A","Yes","Desktop","No",0
"User 1733","A","Yes","Desktop","No",47.0874051335142
"User 1626","A","Yes","Desktop","No",104.058112700201
"User 1995","A","Yes","Desktop","No",31.7403632015935
"User 994","A","Yes","Desktop","No",26.9287933061153
"User 1792","A","Yes","Desktop","Yes",0
"User 59","A","Yes","Desktop","No",46.6120096779812
"User 324","A","Yes","Desktop","No",89.3747058395931
"User 1392","A","Yes","Desktop","Yes",0
"User 1630","A","Yes","Desktop","No",48.8117639214611
"User 1524","A","Yes","Desktop","Yes",0
"User 1424","A","Yes","Desktop","No",0
"User 1101","A","Yes","Desktop","No",0
"User 193","A","Yes","Desktop","No",95.3828218992028
"User 353","A","Yes","Desktop","Yes",43.7801129642177
"User 206","A","Yes","Desktop","No",123.058256175102
"User 1138","A","Yes","Desktop","No",33.3435645417685
"User 1585","A","Yes","Desktop","Yes",0
"User 1669","A","Yes","Desktop","No",33.7143136883318
"User 491","A","Yes","Desktop","No",39.2213058400796
"User 1529","A","Yes","Desktop","No",72.9305280278391
"User 111","A","Yes","Desktop","No",60.796650466177
"User 636","A","Yes","Desktop","No",62.6528652873143
"User 1751","A","Yes","Desktop","No",49.2523676344163
"User 457","A","Yes","Desktop","No",23.0768376178857
"User 1586","A","Yes","Desktop","No",0
"User 1908","A","Yes","Desktop","No",0
"User 25","A","Yes","Desktop","No",92.959054826517
"User 1368","A","Yes","Desktop","No",38.9376144255439
"User 623","A","Yes","Desktop","No",116.794438802511
"User 1297","A","Yes","Desktop","Yes",23.6075889826059
"User 864","A","Yes","Desktop","Yes",89.2075537938194
"User 43","A","Yes","Desktop","No",62.6134582888973
"User 1701","A","Yes","Desktop","Yes",0
"User 1062","A","Yes","Desktop","Yes",0
"User 508","A","Yes","Desktop","Yes",30.2654288069996
"User 1815","A","Yes","Desktop","No",108.06462030956
"User 1569","A","Yes","Desktop","No",108.595323474237
"User 414","A","Yes","Desktop","No",40.0897595004214
"User 681","A","Yes","Desktop","Yes",54.729527850788
"User 170","A","Yes","Desktop","No",0
"User 1879","A","Yes","Desktop","No",130.00200633752
"User 1321","A","Yes","Desktop","No",63.4181752869048
"User 67","A","Yes","Desktop","No",0
"User 140","A","Yes","Desktop","No",0
"User 101","A","Yes","Desktop","Yes",94.0122214172259
"User 511","A","Yes","Desktop","Yes",0
"User 1420","A","Yes","Desktop","No",28.6778972743078
"User 1405","A","Yes","Desktop","No",96.0808843906856
"User 931","A","Yes","Desktop","No",76.6898093557476
"User 175","A","Yes","Desktop","No",0
"User 1708","A","Yes","Desktop","Yes",76.4880328394473
"User 1753","A","Yes","Desktop","Yes",35.11634820242
"User 334","A","Yes","Desktop","No",31.1439214316503
"User 1873","A","Yes","Desktop","No",37.319332203423
"User 167","A","Yes","Desktop","No",0
"User 1369","A","Yes","Desktop","Yes",96.2939823957883
"User 1077","A","Yes","Desktop","Yes",50.7480634103358
"User 1188","A","Yes","Desktop","No",80.8363348489058
"User 1198","A","Yes","Desktop","No",0
"User 777","A","Yes","Desktop","Yes",22.4192460705837
"User 418","A","Yes","Desktop","No",76.7539319908937
"User 277","A","Yes","Desktop","No",82.4517449045415
"User 953","A","Yes","Desktop","No",52.8743915717649
"User 1227","A","Yes","Desktop","Yes",0
"User 1061","A","Yes","Desktop","No",0
"User 1937","A","Yes","Desktop","No",27.7990790285788
"User 1604","A","Yes","Desktop","No",68.2727713291809
"User 1211","A","Yes","Desktop","No",83.7021081529352
"User 349","A","Yes","Desktop","No",45.8915164950359
"User 1035","A","Yes","Desktop","No",26.9615442298012
"User 1914","A","Yes","Desktop","No",0
"User 1573","A","Yes","Desktop","No",0
"User 563","A","Yes","Desktop","No",48.3466090930087
"User 1401","A","Yes","Desktop","No",0
"User 229","A","Yes","Desktop","No",53.0501888744624
"User 1429","A","Yes","Desktop","No",67.7026161882282
"User 8","A","Yes","Desktop","No",75.3274674067894
"User 1143","A","Yes","Desktop","No",0
"User 2000","A","Yes","Desktop","No",102.736224107169
"User 364","A","Yes","Desktop","Yes",0
"User 1574","A","Yes","Desktop","No",72.1999803033612
"User 148","A","Yes","Desktop","No",61.0432231758094
"User 1783","A","Yes","Desktop","No",0
"User 839","A","Yes","Desktop","No",108.384207516791
"User 1869","A","Yes","Desktop","No",59.8178201590695
"User 661","A","Yes","Desktop","No",34.4694308868607
"User 674","A","Yes","Desktop","No",0
"User 1731","A","Yes","Desktop","No",48.5974066828669
"User 1504","A","Yes","Desktop","Yes",48.6110170737284
"User 655","A","Yes","Desktop","No",74.8514641474441
"User 1252","A","Yes","Desktop","No",43.6359075925808
"User 812","A","Yes","Desktop","No",0
"User 837","A","Yes","Desktop","No",56.9872299315766
"User 495","A","Yes","Desktop","No",40.6757401764611
"User 425","A","Yes","Desktop","No",23.1725263269624
"User 726","A","Yes","Desktop","No",0
"User 498","A","Yes","Desktop","Yes",26.2595174683391
"User 75","A","Yes","Desktop","No",68.7917353771135
"User 770","A","Yes","Desktop","Yes",158.554690948182
"User 692","A","Yes","Desktop","No",0
"User 942","A","Yes","Desktop","No",47.3039279164578
"User 306","A","Yes","Desktop","No",47.6724094907144
"User 1462","A","Yes","Desktop","No",50.632591894103
"User 574","A","Yes","Desktop","Yes",38.656441866164
"User 115","A","Yes","Desktop","Yes",0
"User 644","A","Yes","Desktop","No",0
"User 603","A","Yes","Desktop","Yes",41.7800985171932
"User 477","A","Yes","Desktop","Yes",0
"User 1435","A","Yes","Desktop","No",36.017010107851
"User 840","A","Yes","Desktop","No",0
"User 139","A","Yes","Desktop","No",0
"User 1360","A","Yes","Desktop","No",34.3536071764623
"User 547","A","Yes","Desktop","No",87.4125760034194
"User 665","A","Yes","Desktop","Yes",0
"User 897","A","Yes","Desktop","Yes",81.5181002949807
"User 1880","A","Yes","Desktop","Yes",0
"User 446","A","Yes","Desktop","No",0
"User 1104","A","Yes","Desktop","No",36.0025936578363
"User 1494","A","Yes","Desktop","No",46.6364507747301
"User 1027","A","Yes","Desktop","No",20.7265077497458
"User 1790","A","Yes","Desktop","Yes",62.8882138775757
"User 34","A","Yes","Desktop","No",24.4511367484235
"User 220","A","Yes","Desktop","No",48.6098667365972
"User 1373","A","Yes","Desktop","No",0
"User 1972","A","Yes","Desktop","No",41.7565267660277
"User 1213","A","Yes","Desktop","No",0
"User 627","A","Yes","Desktop","No",91.5429993663478
"User 944","A","Yes","Desktop","No",48.8979925005794
"User 427","A","Yes","Desktop","No",0
"User 1024","A","Yes","Desktop","No",36.044319345819
"User 1168","A","Yes","Desktop","No",94.1163489391183
"User 1499","A","Yes","Desktop","No",0
"User 1265","A","Yes","Desktop","No",40.5892466125057
"User 1829","A","Yes","Desktop","No",105.472524925218
"User 870","A","Yes","Desktop","No",47.5299665580431
"User 1930","A","Yes","Desktop","No",0
"User 981","A","Yes","Desktop","Yes",32.2370520227691
"User 107","A","Yes","Desktop","No",62.8787377272278
"User 388","A","Yes","Desktop","No",0
"User 1459","A","Yes","Desktop","Yes",107.938583962509
"User 1517","A","Yes","Desktop","No",51.1829334538191
"User 766","A","Yes","Desktop","Yes",28.3673841289891
"User 269","A","Yes","Desktop","No",68.5788853011348
"User 1812","A","Yes","Desktop","Yes",24.987713929792
"User 1928","A","Yes","Desktop","No",98.8054586252364
"User 1627","A","Yes","Desktop","Yes",0
"User 266","A","Yes","Desktop","Yes",115.781704272737
"User 1443","A","Yes","Desktop","No",34.205614619214
"User 1347","A","Yes","Desktop","No",42.8917076166452
"User 1107","A","Yes","Desktop","No",37.2309609019644
"User 1210","A","Yes","Desktop","No",29.6649402096783
"User 1652","A","Yes","Desktop","No",44.3485512274731
"User 1379","A","Yes","Desktop","No",0
"User 1042","A","Yes","Desktop","No",59.9994108251761
"User 147","A","Yes","Desktop","No",32.5598227212718
"User 509","A","Yes","Desktop","No",0
"User 1423","A","Yes","Desktop","No",25.2644568743372
"User 248","A","Yes","Desktop","No",0
"User 1804","A","Yes","Desktop","No",85.0692323952393
"User 1163","A","Yes","Desktop","No",85.5728068321586
"User 1766","A","Yes","Desktop","No",64.4389147540992
"User 910","A","Yes","Desktop","No",20.8035246767252
"User 1003","A","Yes","Desktop","No",0
"User 737","A","Yes","Desktop","No",20.207111691519
"User 732","A","Yes","Desktop","No",0
"User 1727","A","Yes","Desktop","Yes",0
"User 602","A","Yes","Desktop","No",25.4330848326398
"User 381","A","Yes","Desktop","No",33.0071118209336
"User 185","A","Yes","Desktop","Yes",0
"User 1382","A","Yes","Desktop","No",33.8324194148514
"User 869","A","Yes","Desktop","No",62.4191056260415
"User 927","A","Yes","Desktop","No",38.8957139831712
"User 30","A","Yes","Desktop","Yes",0
"User 238","A","Yes","Desktop","No",58.2587661496473
"User 1615","A","Yes","Desktop","Yes",44.4535491352956
"User 1877","A","Yes","Desktop","No",48.6886500237114
"User 1673","A","Yes","Desktop","Yes",97.6052811224469
"User 1273","A","Yes","Desktop","Yes",47.8686116313673
"User 1739","A","Yes","Desktop","No",67.6727946941533
"User 579","A","Yes","Desktop","No",98.2730526768949
"User 1206","A","Yes","Desktop","Yes",48.9835097273458
"User 854","A","Yes","Desktop","No",0
"User 1240","A","Yes","Desktop","No",47.5786900636003
"User 1109","A","Yes","Desktop","No",0
"User 568","A","Yes","Desktop","No",20.2838697512256
"User 336","A","Yes","Desktop","No",101.593243472674
"User 615","A","Yes","Desktop","No",0
"User 1641","A","Yes","Desktop","No",37.7610110768493
"User 1170","A","Yes","Desktop","No",66.9337375540153
"User 1133","A","Yes","Desktop","Yes",0
"User 914","A","Yes","Desktop","No",22.5872578118069
"User 1988","A","Yes","Desktop","No",106.043972740439
"User 1611","A","Yes","Desktop","No",0
"User 1856","A","Yes","Desktop","No",30.3128608263509
"User 998","A","Yes","Desktop","No",60.8332785950654
"User 506","A","Yes","Desktop","No",0
"User 1982","A","Yes","Desktop","No",0
"User 937","A","Yes","Desktop","No",0
"User 1716","A","Yes","Desktop","Yes",21.559746755005
"User 946","A","Yes","Desktop","Yes",0
"User 1010","A","Yes","Desktop","No",63.964378136004
"User 1219","A","Yes","Desktop","No",0
"User 285","A","Yes","Desktop","No",0
"User 1341","A","Yes","Desktop","No",52.1350469406672
"User 876","A","Yes","Desktop","No",0
"User 1388","A","Yes","Desktop","No",0
"User 697","A","Yes","Desktop","No",55.306576528822
"User 237","A","Yes","Desktop","No",45.8340237381276
"User 1554","A","Yes","Desktop","No",70.423710475934
"User 1939","A","Yes","Desktop","No",32.6840536888851
"User 42","A","Yes","Desktop","No",0
"User 46","A","Yes","Desktop","No",102.216276489307
"User 1920","A","Yes","Desktop","No",34.9677916850309
"User 913","A","Yes","Desktop","No",26.1388415845139
"User 210","A","Yes","Desktop","Yes",63.5226563490041
"User 1515","A","Yes","Desktop","No",36.148620570438
"User 55","A","Yes","Desktop","Yes",35.5883285347364
"User 1161","A","Yes","Desktop","No",108.305117531075
"User 288","A","Yes","Desktop","No",24.6319012718488
"User 1063","A","Yes","Desktop","No",62.7874144549715
"User 731","A","Yes","Desktop","No",59.6180457294372
"User 1408","A","Yes","Desktop","No",79.3206812353634
"User 481","A","Yes","Desktop","No",112.95856117459
"User 1291","A","Yes","Desktop","No",0
"User 1324","A","Yes","Desktop","No",38.2629215620023
"User 1222","A","Yes","Desktop","No",24.039248608226
"User 939","A","Yes","Desktop","No",0
"User 1821","A","Yes","Desktop","No",102.657153924967
"User 1511","A","Yes","Desktop","No",0
"User 318","A","Yes","Desktop","No",40.7620310698858
"User 1041","A","Yes","Desktop","Yes",40.2581936282232
"User 1897","A","Yes","Desktop","No",0
"User 1110","A","Yes","Desktop","No",32.0383570360172
"User 680","A","Yes","Desktop","No",22.8909698981415
"User 142","A","Yes","Desktop","No",33.1222027563719
"User 549","A","Yes","Desktop","No",65.2931597682936
"User 1288","A","Yes","Desktop","No",0
"User 1115","A","Yes","Desktop","Yes",62.6471358423445
"User 232","A","Yes","Mobile","No",33.2371555239033
"User 345","A","Yes","Mobile","Yes",29.3850011812338
"User 1932","A","Yes","Mobile","Yes",0
"User 1238","A","Yes","Mobile","Yes",88.3832301270826
"User 1476","A","Yes","Mobile","Yes",50.6064083388406
"User 1040","A","Yes","Mobile","No",92.4626272481793
"User 525","A","Yes","Mobile","Yes",102.829988446965
"User 682","A","Yes","Mobile","Yes",0
"User 130","A","Yes","Mobile","No",0
"User 1677","A","Yes","Mobile","Yes",69.5109788035511
"User 1118","A","Yes","Mobile","Yes",83.5387682866988
"User 1396","A","Yes","Mobile","Yes",0
"User 211","A","Yes","Mobile","Yes",47.9450037461927
"User 1602","A","Yes","Mobile","Yes",101.033191443255
"User 1203","A","Yes","Mobile","No",57.7483268671328
"User 1723","A","Yes","Mobile","Yes",0
"User 639","A","Yes","Mobile","Yes",25.5722867261395
"User 161","A","Yes","Mobile","No",21.4985747900152
"User 1884","A","Yes","Mobile","Yes",36.6412000974834
"User 78","A","Yes","Mobile","Yes",35.9997177689092
"User 1481","A","Yes","Mobile","No",0
"User 1472","A","Yes","Mobile","Yes",0
"User 1596","A","Yes","Mobile","Yes",67.0036492602915
"User 1202","A","Yes","Mobile","Yes",55.1582240384362
"User 1387","A","Yes","Mobile","Yes",0
"User 1618","A","Yes","Mobile","Yes",44.4628255192568
"User 798","A","Yes","Mobile","Yes",74.673679266902
"User 1390","A","Yes","Mobile","Yes",74.5579292646282
"User 545","A","Yes","Mobile","No",0
"User 194","A","Yes","Mobile","No",35.9056669049083
"User 1295","A","Yes","Mobile","Yes",0
"User 1418","A","Yes","Mobile","Yes",51.7375023071242
"User 1976","A","Yes","Mobile","Yes",37.4952221046005
"User 189","A","Yes","Mobile","Yes",93.5685134988446
"User 1292","A","Yes","Mobile","No",22.1237819385367
"User 177","A","Yes","Mobile","Yes",98.2631948046713
"User 567","A","Yes","Mobile","Yes",37.4512733178472
"User 79","A","Yes","Mobile","No",80.9829966265343
"User 347","A","Yes","Mobile","Yes",0
"User 280","A","Yes","Mobile","Yes",75.9892244624835
"User 553","A","Yes","Mobile","Yes",89.2843714111829
"User 26","A","Yes","Mobile","No",0
"User 114","A","Yes","Mobile","No",49.7166786905055
"User 1022","A","Yes","Mobile","Yes",46.7840634922692
"User 1152","A","Yes","Mobile","No",0
"User 1584","A","Yes","Mobile","Yes",0
"User 315","A","Yes","Mobile","No",0
"User 35","A","Yes","Mobile","Yes",0
"User 420","A","Yes","Mobile","Yes",0
"User 1092","A","Yes","Mobile","Yes",0
"User 212","A","Yes","Mobile","Yes",97.6234148101452
"User 1606","A","Yes","Mobile","No",0
"User 449","A","Yes","Mobile","Yes",0
"User 1757","A","Yes","Mobile","No",69.2474124359893
"User 529","A","Yes","Mobile","Yes",0
"User 410","A","Yes","Mobile","Yes",76.8651502187917
"User 1820","A","Yes","Mobile","Yes",50.0865634046487
"User 369","A","Yes","Mobile","Yes",54.7525398259718
"User 640","A","Yes","Mobile","Yes",0
"User 195","A","Yes","Mobile","No",27.378713588997
"User 675","A","Yes","Mobile","Yes",72.8010539725826
"User 1925","A","Yes","Mobile","Yes",60.2814886526551
"User 179","A","Yes","Mobile","No",43.1323534784814
"User 192","A","Yes","Mobile","Yes",44.9134496725651
"User 908","A","Yes","Mobile","No",22.708491245637
"User 1660","A","Yes","Mobile","Yes",66.771330450258
"User 756","A","Yes","Mobile","No",21.4780139483119
"User 1915","A","Yes","Mobile","No",0
"User 1941","A","Yes","Mobile","Yes",27.3573176081614
"User 221","A","Yes","Mobile","Yes",0
"User 989","A","Yes","Mobile","No",27.4109497697701
"User 689","A","Yes","Mobile","No",50.7177895090858
"User 1045","A","Yes","Mobile","Yes",145.234256900175
"User 1166","A","Yes","Mobile","Yes",64.9262977562493
"User 594","A","Yes","Mobile","Yes",43.5459571441683
"User 1221","A","Yes","Mobile","Yes",46.9784376378212
"User 1527","A","Yes","Mobile","No",80.2614717932621
"User 235","A","Yes","Mobile","No",23.5409073787102
"User 826","A","Yes","Mobile","No",56.3072472658589
"User 538","A","Yes","Mobile","Yes",23.1921749552725
"User 797","A","Yes","Mobile","Yes",81.3749445477838
"User 1969","A","Yes","Mobile","No",124.077202775785
"User 1519","A","Yes","Mobile","Yes",0
"User 950","A","Yes","Mobile","No",83.988827080553
"User 1551","A","Yes","Mobile","Yes",66.3788214112852
"User 1011","A","Yes","Mobile","No",63.0110846779886
"User 1056","A","Yes","Mobile","Yes",0
"User 1196","A","Yes","Mobile","No",62.76745773433
"User 1836","A","Yes","Mobile","No",130.602105964475
"User 422","A","Yes","Mobile","Yes",0
"User 631","A","Yes","Mobile","Yes",0
"User 1899","A","Yes","Mobile","Yes",34.8787333526057
"User 1439","A","Yes","Mobile","Yes",48.9925019081712
"User 1679","A","Yes","Mobile","Yes",102.981516911117
"User 1352","A","Yes","Mobile","No",0
"User 847","A","Yes","Mobile","Yes",0
"User 1437","A","Yes","Mobile","Yes",0
"User 1245","A","Yes","Mobile","Yes",39.1602377007523
"User 1737","A","Yes","Mobile","No",0
"User 1357","A","Yes","Mobile","Yes",22.3171514957675
"User 58","A","No",NA,NA,0
"User 144","A","No",NA,NA,71.8650011264855
"User 783","A","No",NA,NA,119.735869530589
"User 136","A","No",NA,NA,75.8131633214157
"User 687","A","No",NA,NA,101.998751575738
"User 447","A","No",NA,NA,0
"User 267","A","No",NA,NA,0
"User 391","A","No",NA,NA,28.7984200661087
"User 1838","A","No",NA,NA,0
"User 202","A","No",NA,NA,75.5816766039123
"User 801","A","No",NA,NA,34.0677445590533
"User 1366","A","No",NA,NA,24.250776701614
"User 48","A","No",NA,NA,28.1648645263082
"User 332","A","No",NA,NA,0
"User 1148","A","No",NA,NA,27.5989766224756
"User 203","A","No",NA,NA,73.0051667293889
"User 1190","A","No",NA,NA,85.7794128931604
"User 151","A","No",NA,NA,77.7099368555774
"User 260","A","No",NA,NA,38.8256143791305
"User 29","A","No",NA,NA,0
"User 494","A","No",NA,NA,95.1644076886565
"User 1407","A","No",NA,NA,35.6644394792182
"User 1074","A","No",NA,NA,38.4411297762575
"User 1216","A","No",NA,NA,106.647414034591
"User 60","A","No",NA,NA,0
"User 1646","A","No",NA,NA,56.9523414952938
"User 836","A","No",NA,NA,0
"User 1885","A","No",NA,NA,33.0469214516897
"User 1543","A","No",NA,NA,0
"User 666","A","No",NA,NA,59.1097868701753
"User 225","A","No",NA,NA,93.6500698148099
"User 1841","A","No",NA,NA,34.7110891900606
"User 796","A","No",NA,NA,71.2980622231175
"User 438","A","No",NA,NA,91.963416056829
"User 1888","A","No",NA,NA,80.1288958739589
"User 163","A","No",NA,NA,0
"User 1686","A","No",NA,NA,63.5748790523667
"User 1098","A","No",NA,NA,23.8243020213926
"User 412","A","No",NA,NA,0
"User 886","A","No",NA,NA,48.8584206966953
"User 1184","A","No",NA,NA,57.5721010665692
"User 1863","A","No",NA,NA,38.0534788837011
"User 1926","A","No",NA,NA,66.701204142062
"User 1740","A","No",NA,NA,53.8135312754227
"User 84","A","No",NA,NA,0
"User 1624","A","No",NA,NA,0
"User 358","A","No",NA,NA,0
"User 1851","A","No",NA,NA,21.8665949772537
"User 1808","A","No",NA,NA,56.6877237528632
"User 877","A","No",NA,NA,73.3592750291736
"User 1779","A","No",NA,NA,0
"User 1695","A","No",NA,NA,0
"User 93","A","No",NA,NA,135.382826920367
"User 677","A","No",NA,NA,0
"User 1080","A","No",NA,NA,0
"User 524","A","No",NA,NA,52.2654022989768
"User 959","A","No",NA,NA,0
"User 290","A","No",NA,NA,81.8948179892242
"User 1509","A","No",NA,NA,0
"User 1548","A","No",NA,NA,24.8772238188896
"User 1215","A","No",NA,NA,0
"User 610","A","No",NA,NA,87.0369846470701
"User 926","A","No",NA,NA,0
"User 1957","A","No",NA,NA,42.9717980505346
"User 234","A","No",NA,NA,0
"User 1228","A","No",NA,NA,0
"User 1973","A","No",NA,NA,0
"User 881","A","No",NA,NA,0
"User 1002","A","No",NA,NA,0
"User 1164","A","No",NA,NA,64.6945605037518
"User 1039","A","No",NA,NA,0
"User 1769","A","No",NA,NA,68.5252004299167
"User 531","A","No",NA,NA,0
"User 453","A","No",NA,NA,0
"User 413","A","No",NA,NA,96.1777954416069
"User 1276","A","No",NA,NA,31.8901680393093
"User 36","A","No",NA,NA,107.974399819585
"User 289","A","No",NA,NA,101.236085939057
"User 1614","A","No",NA,NA,45.5417306784966
"User 1083","A","No",NA,NA,0
"User 1167","A","No",NA,NA,41.813227108641
"User 1643","A","No",NA,NA,56.2425844075473
"User 90","A","No",NA,NA,76.7937527756739
"User 1910","A","No",NA,NA,35.5278976597642
"User 1154","A","No",NA,NA,25.815242651341
"User 437","A","No",NA,NA,25.7206689641574
"User 1286","A","No",NA,NA,42.2346160452074
"User 518","A","No",NA,NA,0
"User 132","A","No",NA,NA,63.0626776003467
"User 1676","A","No",NA,NA,68.0889795693702
"User 350","A","No",NA,NA,0
"User 228","A","No",NA,NA,54.3527542276725
"User 396","A","No",NA,NA,49.6869768925257
"User 1090","A","No",NA,NA,0
"User 733","A","No",NA,NA,83.8714266776013
"User 759","A","No",NA,NA,48.494467764047
"User 1447","A","No",NA,NA,0
"User 807","A","No",NA,NA,82.7673554668276
"User 117","A","No",NA,NA,40.1707219551253
"User 123","A","No",NA,NA,43.622556830229
"User 1940","A","No",NA,NA,52.0665029686531
"User 18","A","No",NA,NA,0
"User 1518","A","No",NA,NA,0
"User 1441","A","No",NA,NA,53.7843745273375
"User 1670","A","No",NA,NA,111.166686393854
"User 1431","A","No",NA,NA,0
"User 1258","A","No",NA,NA,92.4623242577046
"User 156","A","No",NA,NA,0
"User 1301","A","No",NA,NA,0
"User 441","A","No",NA,NA,59.8016594898195
"User 1725","A","No",NA,NA,64.3221309232281
"User 153","A","No",NA,NA,49.1220098780195
"User 986","A","No",NA,NA,38.2265176402865
"User 57","A","No",NA,NA,107.75618784787
"User 338","A","No",NA,NA,0
"User 803","A","No",NA,NA,53.8155715941954
"User 852","A","No",NA,NA,55.4872871795658
"User 366","A","No",NA,NA,123.722203625046
"User 1084","A","No",NA,NA,0
"User 813","A","No",NA,NA,95.5121250952052
"User 773","A","No",NA,NA,43.3610527858739
"User 924","A","No",NA,NA,70.4453649949163
"User 571","A","No",NA,NA,39.5831606143899
"User 582","A","No",NA,NA,113.608809315623
"User 1178","A","No",NA,NA,54.3033010105761
"User 253","A","No",NA,NA,49.5213030476718
"User 1244","A","No",NA,NA,73.1566884305334
"User 1959","A","No",NA,NA,57.364024083578
"User 1343","A","No",NA,NA,0
"User 1942","A","No",NA,NA,34.366695193224
"User 591","A","No",NA,NA,39.7183995813784
"User 1192","A","No",NA,NA,0
"User 1464","A","No",NA,NA,35.2575515654137
"User 1402","A","No",NA,NA,58.097016474731
"User 1102","A","No",NA,NA,36.5769725248629
"User 1944","A","No",NA,NA,0
"User 1970","A","No",NA,NA,109.352106182751
"User 1378","A","No",NA,NA,0
"User 804","A","No",NA,NA,0
"User 595","A","No",NA,NA,0
"User 1864","A","No",NA,NA,23.0721305132593
"User 1858","A","No",NA,NA,0
"User 1702","A","No",NA,NA,20.3873013586695
"User 1809","A","No",NA,NA,45.2068983034545
"User 1428","A","No",NA,NA,47.7965597007666
"User 730","A","No",NA,NA,0
"User 131","A","No",NA,NA,61.4607150676291
"User 244","A","No",NA,NA,0
"User 898","A","No",NA,NA,67.2053546408133
"User 821","A","No",NA,NA,120.099876494455
"User 1568","A","No",NA,NA,28.1394994148905
"User 593","A","No",NA,NA,122.089729833895
"User 372","A","No",NA,NA,47.3290409750804
"User 1759","A","No",NA,NA,0
"User 710","A","No",NA,NA,123.688570235094
"User 1151","A","No",NA,NA,0
"User 1550","A","No",NA,NA,52.5515651030158
"User 1140","A","No",NA,NA,51.0606904853692
"User 1535","A","No",NA,NA,25.256846408177
"User 1549","A","No",NA,NA,102.360082549065
"User 572","A","No",NA,NA,83.3477964164631
"User 628","A","No",NA,NA,23.5467974668307
"User 128","A","No",NA,NA,0
"User 1971","A","No",NA,NA,0
"User 969","A","No",NA,NA,30.0758262137392
"User 421","A","No",NA,NA,69.5188278689683
"User 13","A","No",NA,NA,0
"User 1834","A","No",NA,NA,34.5270430492845
"User 1520","A","No",NA,NA,41.7927545442629
"User 1984","A","No",NA,NA,0
"User 830","A","No",NA,NA,0
"User 1703","A","No",NA,NA,0
"User 100","A","No",NA,NA,75.5775136982622
"User 479","A","No",NA,NA,25.9817600528119
"User 794","A","No",NA,NA,0
"User 69","A","No",NA,NA,69.5257120364959
"User 533","A","No",NA,NA,82.0229783848815
"User 1929","A","No",NA,NA,0
"User 82","A","No",NA,NA,45.4326916231953
"User 734","A","No",NA,NA,0
"User 483","A","No",NA,NA,53.7066892008312
"User 1470","A","No",NA,NA,50.8602223122783
"User 1086","A","No",NA,NA,0
"User 1130","A","No",NA,NA,28.3089401366844
"User 1384","A","No",NA,NA,0
"User 831","A","No",NA,NA,32.1466469487863
"User 1050","A","No",NA,NA,117.743890990941
"User 1781","A","No",NA,NA,59.6342632132718
"User 834","A","No",NA,NA,38.903760372161
"User 578","A","No",NA,NA,0
"User 1623","A","No",NA,NA,41.1212588047617
"User 1698","A","No",NA,NA,70.0025586053223
"User 523","A","No",NA,NA,0
"User 916","A","No",NA,NA,0
"User 1777","A","No",NA,NA,0
"User 1312","A","No",NA,NA,0
"User 1361","A","No",NA,NA,110.030375768521
"User 911","A","No",NA,NA,48.2048779232226
"User 599","A","No",NA,NA,43.8909259339919
"User 649","A","No",NA,NA,76.262841689642
"User 1598","A","No",NA,NA,0
"User 517","A","No",NA,NA,0
"User 1220","A","No",NA,NA,64.9633125650844
"User 698","A","No",NA,NA,34.2436061452169
"User 780","A","No",NA,NA,0
"User 1200","A","No",NA,NA,108.085241608307
"User 1591","A","No",NA,NA,116.553333723957
"User 298","A","No",NA,NA,0
"User 701","A","No",NA,NA,34.5415021354094
"User 173","A","No",NA,NA,0
"User 1448","A","No",NA,NA,0
"User 862","A","No",NA,NA,44.1064462136276
"User 1594","A","No",NA,NA,105.453626134736
"User 1876","A","No",NA,NA,121.566768700134
"User 223","A","No",NA,NA,21.167906283003
"User 6","A","No",NA,NA,57.8122326779021
"User 954","A","No",NA,NA,0
"User 312","A","No",NA,NA,57.6155072345558
"User 1237","A","No",NA,NA,0
"User 1484","A","No",NA,NA,97.1847967002445
"User 1354","A","No",NA,NA,0
"User 586","A","No",NA,NA,37.8947283962219
"User 557","A","No",NA,NA,0
"User 1359","A","No",NA,NA,36.5859793217036
"User 1592","A","No",NA,NA,79.1398609000517
"User 1058","A","No",NA,NA,41.9261395333717
"User 240","A","No",NA,NA,40.7463600014006
"User 321","A","No",NA,NA,72.1960760317459
"User 322","A","No",NA,NA,43.4046816488392
"User 1120","A","No",NA,NA,38.9881737719798
"User 1224","A","No",NA,NA,0
"User 1466","A","No",NA,NA,85.411805071193
"User 262","A","No",NA,NA,0
"User 1073","A","No",NA,NA,0
"User 707","A","No",NA,NA,54.2807197300953
"User 1620","A","No",NA,NA,0
"User 1391","A","No",NA,NA,63.4126586727897
"User 444","A","No",NA,NA,0
"User 519","A","No",NA,NA,0
"User 184","A","No",NA,NA,61.64121588393
"User 1054","A","No",NA,NA,65.1075321440839
"User 278","A","No",NA,NA,0
"User 867","A","No",NA,NA,103.737701954552
"User 708","A","No",NA,NA,56.4646723446547
"User 282","A","No",NA,NA,0
"User 32","A","No",NA,NA,53.1581451828229
"User 138","A","No",NA,NA,0
"User 1579","A","No",NA,NA,47.3130494458838
"User 1239","A","No",NA,NA,53.1909322820747
"User 218","A","No",NA,NA,43.2572835452691
"User 1845","A","No",NA,NA,67.4530339102777
"User 1831","A","No",NA,NA,75.8221846447283
"User 1784","A","No",NA,NA,0
"User 1069","A","No",NA,NA,91.6122415098133
"User 899","A","No",NA,NA,0
"User 360","A","No",NA,NA,0
"User 1906","A","No",NA,NA,90.9408032721196
"User 597","A","No",NA,NA,61.4179603817828
"User 1362","A","No",NA,NA,65.6363464306475
"User 1267","A","No",NA,NA,0
"User 1523","A","No",NA,NA,0
"User 1406","A","No",NA,NA,33.6620821981038
"User 990","A","No",NA,NA,26.6274659624772
"User 1385","A","No",NA,NA,59.4599681041528
"User 827","A","No",NA,NA,85.2698982727118
"User 704","A","No",NA,NA,65.2705419156616
"User 1705","A","No",NA,NA,27.0082378500347
"User 1493","A","No",NA,NA,57.2465527122602
"User 1356","A","No",NA,NA,58.4357993054686
"User 576","A","No",NA,NA,0
"User 977","A","No",NA,NA,40.9994733923269
"User 842","A","No",NA,NA,0
"User 1747","A","No",NA,NA,0
"User 1371","A","No",NA,NA,74.7497083701251
"User 463","A","No",NA,NA,123.673637623531
"User 673","A","No",NA,NA,112.078939409567
"User 249","A","No",NA,NA,75.6830440630012
"User 1491","A","No",NA,NA,47.9300031192644
"User 995","A","No",NA,NA,0
"User 1144","A","No",NA,NA,0
"User 406","A","No",NA,NA,0
"User 1444","A","No",NA,NA,34.0640069805351
"User 1709","A","No",NA,NA,51.2529040466702
"User 434","A","No",NA,NA,46.7599510813267
"User 883","A","No",NA,NA,29.0554961956725
"User 1889","A","No",NA,NA,52.1949451861693
"User 1732","A","No",NA,NA,41.527099653126
"User 162","A","No",NA,NA,0
"User 1745","A","No",NA,NA,113.111708119691
"User 1528","A","No",NA,NA,55.3472491501165
"User 1813","A","No",NA,NA,55.6533828081217
"User 1422","A","No",NA,NA,61.8767942055051
"User 1128","A","No",NA,NA,55.3632118336403
"User 1417","A","No",NA,NA,22.8293142950703
"User 873","A","No",NA,NA,0
"User 487","A","No",NA,NA,0
"User 102","A","No",NA,NA,74.354445927085
"User 436","A","No",NA,NA,0
"User 659","A","No",NA,NA,103.67251346712
"User 241","A","No",NA,NA,50.0281395410291
"User 10","A","No",NA,NA,0
"User 855","A","No",NA,NA,53.6919149266788
"User 1992","A","No",NA,NA,0
"User 258","A","No",NA,NA,34.5505660704399
"User 1629","A","No",NA,NA,73.3013430111922
"User 1564","A","No",NA,NA,70.8392783615204
"User 1461","A","No",NA,NA,0
"User 829","A","No",NA,NA,85.4187735267728
"User 112","A","No",NA,NA,57.885138661244
"User 375","A","No",NA,NA,0
"User 1021","A","No",NA,NA,0
"User 1451","A","No",NA,NA,77.7464611279775
"User 1465","A","No",NA,NA,85.8075127721662
"User 227","A","No",NA,NA,69.9001681025853
"User 1404","A","No",NA,NA,36.2048205858078
"User 263","A","No",NA,NA,80.0625814805526
"User 455","A","No",NA,NA,30.7441397496455
"User 1313","A","No",NA,NA,55.4656817241639
"User 614","A","No",NA,NA,55.011520705537
"User 974","A","No",NA,NA,29.0765889663983
"User 822","A","No",NA,NA,114.226433312226
"User 1311","A","No",NA,NA,24.1860040530461
"User 214","A","No",NA,NA,98.1823229837878
"User 1430","A","No",NA,NA,51.1003400437532
"User 717","A","No",NA,NA,25.0396374865704
"User 454","A","No",NA,NA,81.9364545000089
"User 972","A","No",NA,NA,0
"User 87","A","No",NA,NA,82.1199821012755
"User 1351","A","No",NA,NA,46.9530977506315
"User 1763","A","No",NA,NA,22.1480333484277
"User 1738","A","No",NA,NA,63.8178404666129
"User 645","A","No",NA,NA,99.3180812599061
"User 1693","A","No",NA,NA,0
"User 1113","A","No",NA,NA,0
"User 630","A","No",NA,NA,53.5957444121215
"User 716","A","No",NA,NA,33.8004848628572
"User 1460","A","No",NA,NA,74.9785076775568
"User 952","A","No",NA,NA,59.7999325931307
"User 670","A","No",NA,NA,0
"User 1498","A","No",NA,NA,28.6649561133541
"User 1165","A","No",NA,NA,39.7887073310915
"User 541","A","No",NA,NA,0
"User 355","A","No",NA,NA,77.0343416664546
"User 859","A","No",NA,NA,23.4379810649909
"User 858","A","No",NA,NA,86.5897042027688
"User 592","A","No",NA,NA,58.3514337787601
"User 540","A","No",NA,NA,76.0848412897702
"User 515","A","No",NA,NA,106.242023542978
"User 693","A","No",NA,NA,70.3972208352249
"User 1795","A","No",NA,NA,25.9206479007531
"User 19","A","No",NA,NA,66.5450087101196
"User 1767","A","No",NA,NA,57.0928243522185
"User 106","A","No",NA,NA,29.2063099375529
"User 1322","A","No",NA,NA,126.344177440843
"User 236","A","No",NA,NA,0
"User 918","A","No",NA,NA,70.8315247889291
"User 488","A","No",NA,NA,96.9592594820428
"User 399","A","No",NA,NA,103.437848162359
"User 416","A","No",NA,NA,44.2648085828115
"User 1248","A","No",NA,NA,80.0615764964051
"User 702","A","No",NA,NA,92.9688991324851
"User 1386","A","No",NA,NA,55.3075369476843
"User 1655","A","No",NA,NA,30.0861701940218
"User 715","A","No",NA,NA,57.7136788272292
"User 1181","A","No",NA,NA,92.5477862599974
"User 713","A","No",NA,NA,39.3579380214254
"User 65","A","No",NA,NA,0
"User 1193","A","No",NA,NA,21.8728037085594
"User 1985","A","No",NA,NA,56.931995583846
"User 626","A","No",NA,NA,0
"User 1279","A","No",NA,NA,54.2542098581211
"User 348","A","No",NA,NA,41.9254480336651
"User 1338","A","No",NA,NA,103.728029043723
"User 1610","A","No",NA,NA,0
"User 749","A","No",NA,NA,53.1278497031209
"User 340","A","No",NA,NA,0
"User 1872","A","No",NA,NA,28.496243198482
"User 432","A","No",NA,NA,0
"User 907","A","No",NA,NA,112.923890763567
"User 1948","A","No",NA,NA,72.9550150406398
"User 1289","A","No",NA,NA,48.3751190674204
"User 502","A","No",NA,NA,0
"User 76","A","No",NA,NA,60.5400647475263
"User 1557","A","No",NA,NA,0
"User 1395","A","No",NA,NA,33.1147120369182
"User 1014","A","No",NA,NA,0
"User 619","A","No",NA,NA,76.757718250991
"User 377","A","No",NA,NA,58.9313456358852
"User 643","A","No",NA,NA,44.8825547884728
"User 1968","A","No",NA,NA,61.3405445519762
"User 1949","A","No",NA,NA,0
"User 105","A","No",NA,NA,22.5293656422124
"User 625","A","No",NA,NA,76.8682094195076
"User 1998","A","No",NA,NA,25.5847102607191
"User 72","A","No",NA,NA,155.990036000142
"User 1218","A","No",NA,NA,72.1048587687986
"User 1671","A","No",NA,NA,0
"User 604","A","No",NA,NA,39.8406997563877
"User 966","A","No",NA,NA,27.6952843865463
"User 1031","A","No",NA,NA,95.132688758696
"User 947","A","No",NA,NA,50.3207711740203
"User 71","A","No",NA,NA,0
"User 868","A","No",NA,NA,81.0354431947131
"User 404","A","No",NA,NA,49.3499626536132
"User 1581","A","No",NA,NA,0
"User 1672","A","No",NA,NA,109.309865025147
"User 1664","A","No",NA,NA,45.4210908040734
"User 1261","A","No",NA,NA,105.818326303771
"User 121","A","No",NA,NA,0
"User 283","A","No",NA,NA,77.9815234370741
"User 971","A","No",NA,NA,56.8024435595022
"User 1609","A","No",NA,NA,77.7869966647581
"User 326","A","No",NA,NA,59.5388063454668
"User 1123","A","No",NA,NA,70.7033721318821
"User 365","A","No",NA,NA,26.8411054838046
"User 551","A","No",NA,NA,20.8853863012234
"User 395","A","No",NA,NA,47.2944456467384
"User 753","A","No",NA,NA,63.1406119192969
"User 1259","A","No",NA,NA,94.9624293904718
"User 1722","A","No",NA,NA,99.248056899874
"User 1234","A","No",NA,NA,22.7235365734847
"User 1300","A","No",NA,NA,25.3247317894116
"User 1254","A","No",NA,NA,122.198719440444
"User 292","A","No",NA,NA,39.4440507335595
"User 1189","A","No",NA,NA,0
"User 1621","A","No",NA,NA,32.4772822529001
"User 116","A","No",NA,NA,35.8358212273932
"User 120","A","No",NA,NA,57.3926943249815
"User 510","A","No",NA,NA,79.4952823022952
"User 274","A","No",NA,NA,82.8690087720009
"User 335","A","No",NA,NA,32.0871010517903
"User 928","A","No",NA,NA,0
"User 1191","A","No",NA,NA,0
"User 1319","A","No",NA,NA,113.105458601491
"User 1575","A","No",NA,NA,0
"User 685","A","No",NA,NA,0
"User 1012","A","No",NA,NA,37.1852344447037
"User 872","A","No",NA,NA,41.9881542198397
"User 303","A","No",NA,NA,29.7945690892706
"User 1793","A","No",NA,NA,47.8538258594866
"User 526","A","No",NA,NA,0
"User 1955","A","No",NA,NA,52.3298528491775
"User 1994","A","No",NA,NA,25.2989789819816
"User 1047","A","No",NA,NA,0
"User 204","A","No",NA,NA,68.8006701625896
"User 1721","A","No",NA,NA,24.8763270259061
"User 110","A","No",NA,NA,0
"User 934","A","No",NA,NA,24.6446811411185
"User 1666","A","No",NA,NA,0
"User 1350","A","No",NA,NA,40.8460990042997
"User 1287","A","No",NA,NA,40.6462424092945
"User 81","A","No",NA,NA,21.0109911437686
"User 739","A","No",NA,NA,33.7875241064048
"User 1308","A","No",NA,NA,51.6537533214665
"User 1911","A","No",NA,NA,25.5783407512808
"User 1919","A","No",NA,NA,50.5923702572313
"User 598","A","No",NA,NA,52.4300917185834
"User 339","A","No",NA,NA,65.0403473525374
"User 333","A","No",NA,NA,31.4893655020587
"User 400","A","No",NA,NA,67.3989377492529
"User 1103","A","No",NA,NA,96.7502410923046
"User 560","A","No",NA,NA,23.3898825809438
"User 1729","A","No",NA,NA,59.5336399673511
"User 1916","A","No",NA,NA,138.103894382187
"User 1552","A","No",NA,NA,58.8035167966474
"User 878","A","No",NA,NA,39.0493251553044
"User 1830","A","No",NA,NA,0
"User 493","A","No",NA,NA,36.449085390299
"User 1348","A","No",NA,NA,0
"User 988","A","No",NA,NA,0
"User 1374","A","No",NA,NA,45.9832676088303
"User 1883","A","No",NA,NA,0
"User 688","A","No",NA,NA,47.0918243818638
"User 462","A","No",NA,NA,0
"User 1715","A","No",NA,NA,0
"User 1661","A","No",NA,NA,123.115013674474
"User 1871","A","No",NA,NA,85.5347105029749
"User 522","A","No",NA,NA,87.5553744409234
"User 1479","A","No",NA,NA,0
"User 978","A","No",NA,NA,0
"User 1146","A","No",NA,NA,42.5138542879373
"User 145","A","No",NA,NA,45.8125235464569
"User 709","A","No",NA,NA,0
"User 1687","A","No",NA,NA,0
"User 1052","A","No",NA,NA,48.0234354547933
"User 1017","A","No",NA,NA,0
"User 1654","A","No",NA,NA,38.6384930368507
"User 991","A","No",NA,NA,65.9895533019142
"User 791","A","No",NA,NA,0
"User 703","A","No",NA,NA,48.401683788901
"User 1901","A","No",NA,NA,104.727500844564
"User 50","A","No",NA,NA,111.732629652722
"User 1824","A","No",NA,NA,50.8795767329172
"User 1852","A","No",NA,NA,139.737554129105
"User 53","A","No",NA,NA,59.8130672682197
"User 1081","A","No",NA,NA,23.8054152264865
"User 190","A","No",NA,NA,0
"User 426","A","No",NA,NA,108.387943862263
"User 1735","A","No",NA,NA,26.6180097660823
"User 1452","A","No",NA,NA,78.0863917487785
"User 1129","B","Yes","Desktop","No",72.611080420186
"User 699","B","Yes","Desktop","Yes",59.0287671781612
"User 1409","B","Yes","Desktop","No",48.4152440618367
"User 1807","B","Yes","Desktop","No",0
"User 141","B","Yes","Desktop","No",0
"User 763","B","Yes","Desktop","No",133.990483116625
"User 1561","B","Yes","Desktop","No",69.1841672125382
"User 1718","B","Yes","Desktop","No",0
"User 108","B","Yes","Desktop","No",0
"User 28","B","Yes","Desktop","No",75.1615352631723
"User 968","B","Yes","Desktop","No",66.3242187290313
"User 1991","B","Yes","Desktop","Yes",102.779778888475
"User 1496","B","Yes","Desktop","No",50.8124001313158
"User 1546","B","Yes","Desktop","No",46.2734447790356
"User 1059","B","Yes","Desktop","No",98.9743531821213
"User 1046","B","Yes","Desktop","No",0
"User 1895","B","Yes","Desktop","No",0
"User 490","B","Yes","Desktop","No",73.4948738088851
"User 652","B","Yes","Desktop","No",0
"User 371","B","Yes","Desktop","No",0
"User 1754","B","Yes","Desktop","No",47.1144319105036
"User 1000","B","Yes","Desktop","No",52.4666547253311
"User 906","B","Yes","Desktop","Yes",0
"User 1065","B","Yes","Desktop","No",45.804239835178
"User 975","B","Yes","Desktop","No",0
"User 428","B","Yes","Desktop","Yes",54.5916731583596
"User 265","B","Yes","Desktop","No",82.6736260349308
"User 721","B","Yes","Desktop","No",0
"User 672","B","Yes","Desktop","No",0
"User 1394","B","Yes","Desktop","Yes",0
"User 1700","B","Yes","Desktop","Yes",0
"User 892","B","Yes","Desktop","No",0
"User 779","B","Yes","Desktop","No",0
"User 1044","B","Yes","Desktop","No",93.2070491016044
"User 1933","B","Yes","Desktop","No",0
"User 1789","B","Yes","Desktop","No",0
"User 261","B","Yes","Desktop","No",45.8398374363769
"User 976","B","Yes","Desktop","No",106.273109053849
"User 387","B","Yes","Desktop","No",105.32036649026
"User 1456","B","Yes","Desktop","Yes",80.5161286348791
"User 1752","B","Yes","Desktop","Yes",38.7035135050825
"User 47","B","Yes","Desktop","No",49.3789310215299
"User 1800","B","Yes","Desktop","Yes",0
"User 1251","B","Yes","Desktop","No",36.5516099850177
"User 373","B","Yes","Desktop","Yes",0
"User 1675","B","Yes","Desktop","No",32.8083172756834
"User 1433","B","Yes","Desktop","Yes",36.0283939902331
"User 1717","B","Yes","Desktop","Yes",84.6507968135109
"User 1304","B","Yes","Desktop","No",58.273985399383
"User 1226","B","Yes","Desktop","No",0
"User 740","B","Yes","Desktop","No",0
"User 1307","B","Yes","Desktop","No",93.7541599090077
"User 566","B","Yes","Desktop","No",33.4892512626752
"User 1421","B","Yes","Desktop","No",0
"User 888","B","Yes","Desktop","Yes",53.103402170499
"User 1298","B","Yes","Desktop","No",38.6025787498851
"User 1978","B","Yes","Desktop","No",145.058439491823
"User 1330","B","Yes","Desktop","No",0
"User 310","B","Yes","Desktop","Yes",89.8127323196934
"User 31","B","Yes","Desktop","No",64.6324146115885
"User 611","B","Yes","Desktop","No",60.0343806912287
"User 544","B","Yes","Desktop","No",76.8585267356773
"User 362","B","Yes","Desktop","No",0
"User 1909","B","Yes","Desktop","No",76.7020280707515
"User 1332","B","Yes","Desktop","No",0
"User 323","B","Yes","Desktop","Yes",35.421922539497
"User 367","B","Yes","Desktop","No",59.1241059737828
"User 452","B","Yes","Desktop","No",0
"User 1100","B","Yes","Desktop","No",64.3865295968687
"User 386","B","Yes","Desktop","Yes",0
"User 1500","B","Yes","Desktop","No",0
"User 299","B","Yes","Desktop","Yes",0
"User 61","B","Yes","Desktop","Yes",64.8245253740439
"User 1318","B","Yes","Desktop","No",51.0526912658822
"User 657","B","Yes","Desktop","No",0
"User 104","B","Yes","Desktop","Yes",59.7144363158276
"User 951","B","Yes","Desktop","No",93.3153561207131
"User 1981","B","Yes","Desktop","No",0
"User 1480","B","Yes","Desktop","No",55.9471301788744
"User 1844","B","Yes","Desktop","No",37.0048841858778
"User 1886","B","Yes","Desktop","No",0
"User 874","B","Yes","Desktop","No",71.2797472687208
"User 1636","B","Yes","Desktop","Yes",0
"User 304","B","Yes","Desktop","Yes",0
"User 1363","B","Yes","Desktop","No",103.223186803185
"User 1316","B","Yes","Desktop","Yes",45.5437166994449
"User 1980","B","Yes","Desktop","No",87.4715277264613
"User 301","B","Yes","Desktop","Yes",0
"User 1947","B","Yes","Desktop","No",113.106212188147
"User 1201","B","Yes","Desktop","Yes",46.8667629249663
"User 1442","B","Yes","Desktop","Yes",61.3745491319776
"User 1436","B","Yes","Desktop","No",0
"User 52","B","Yes","Desktop","No",39.3075966053536
"User 751","B","Yes","Desktop","No",84.20891245579
"User 1782","B","Yes","Desktop","No",87.8683263492978
"User 1848","B","Yes","Desktop","Yes",0
"User 1105","B","Yes","Desktop","No",0
"User 712","B","Yes","Desktop","No",66.6315693943955
"User 824","B","Yes","Desktop","No",46.8151005873398
"User 460","B","Yes","Desktop","No",42.3150500570312
"User 1881","B","Yes","Desktop","No",65.0976417167403
"User 1553","B","Yes","Desktop","Yes",34.7518443383867
"User 925","B","Yes","Desktop","No",0
"User 293","B","Yes","Desktop","Yes",58.1190799074197
"User 188","B","Yes","Desktop","No",75.1206682397781
"User 1657","B","Yes","Desktop","No",34.0584096547486
"User 1837","B","Yes","Desktop","No",0
"User 1475","B","Yes","Desktop","No",58.8188563818012
"User 903","B","Yes","Desktop","No",114.393583645797
"User 1131","B","Yes","Desktop","No",0
"User 1114","B","Yes","Desktop","No",0
"User 54","B","Yes","Desktop","No",94.9583914858095
"User 596","B","Yes","Desktop","No",56.4793576716403
"User 1389","B","Yes","Desktop","No",38.0509100170543
"User 1139","B","Yes","Desktop","Yes",0
"User 1186","B","Yes","Desktop","Yes",60.1830516985023
"User 66","B","Yes","Desktop","Yes",108.450203033967
"User 1538","B","Yes","Desktop","No",0
"User 921","B","Yes","Desktop","No",34.1772137664382
"User 729","B","Yes","Desktop","No",0
"User 1534","B","Yes","Desktop","No",145.048331317284
"User 208","B","Yes","Desktop","No",0
"User 1719","B","Yes","Desktop","No",0
"User 1555","B","Yes","Desktop","No",63.5579132256768
"User 1125","B","Yes","Desktop","No",0
"User 1728","B","Yes","Desktop","No",0
"User 548","B","Yes","Desktop","No",34.5744718747051
"User 424","B","Yes","Desktop","No",35.3246024980347
"User 268","B","Yes","Desktop","No",42.9418557163529
"User 1619","B","Yes","Desktop","No",95.3274890079575
"User 1648","B","Yes","Desktop","No",0
"User 259","B","Yes","Desktop","No",0
"User 1531","B","Yes","Desktop","Yes",0
"User 930","B","Yes","Desktop","No",0
"User 1891","B","Yes","Desktop","No",0
"User 1260","B","Yes","Desktop","Yes",0
"User 1001","B","Yes","Desktop","No",68.9770192054087
"User 1268","B","Yes","Desktop","Yes",56.5413597903806
"User 1839","B","Yes","Desktop","No",0
"User 1522","B","Yes","Desktop","Yes",77.4193339166294
"User 648","B","Yes","Desktop","No",66.2365702558284
"User 1828","B","Yes","Desktop","No",0
"User 85","B","Yes","Desktop","No",0
"User 1088","B","Yes","Desktop","No",0
"User 1965","B","Yes","Desktop","No",0
"User 1082","B","Yes","Desktop","No",0
"User 962","B","Yes","Desktop","No",0
"User 1862","B","Yes","Desktop","Yes",0
"User 4","B","Yes","Desktop","Yes",0
"User 832","B","Yes","Desktop","Yes",0
"User 866","B","Yes","Desktop","Yes",0
"User 774","B","Yes","Desktop","No",45.7947652176999
"User 499","B","Yes","Desktop","No",0
"User 14","B","Yes","Desktop","No",46.6720319097025
"User 45","B","Yes","Desktop","No",63.6447166115317
"User 1380","B","Yes","Desktop","Yes",65.6958675363785
"User 191","B","Yes","Desktop","No",109.081076131285
"User 887","B","Yes","Desktop","No",53.0833603287907
"User 1023","B","Yes","Desktop","No",136.1687004594
"User 354","B","Yes","Desktop","Yes",34.6100010526352
"User 879","B","Yes","Desktop","No",54.5087119931806
"User 352","B","Yes","Desktop","Yes",0
"User 252","B","Yes","Desktop","No",0
"User 230","B","Yes","Desktop","Yes",66.9890748947469
"User 122","B","Yes","Desktop","No",78.3395670572093
"User 1194","B","Yes","Desktop","No",0
"User 815","B","Yes","Desktop","Yes",108.051588177066
"User 1372","B","Yes","Desktop","No",0
"User 1091","B","Yes","Desktop","No",53.6812970659551
"User 528","B","Yes","Desktop","No",0
"User 700","B","Yes","Desktop","No",62.573953978819
"User 1467","B","Yes","Desktop","No",103.022542947263
"User 609","B","Yes","Desktop","No",0
"User 213","B","Yes","Desktop","No",0
"User 1076","B","Yes","Desktop","No",87.304490515606
"User 590","B","Yes","Desktop","No",76.8186207062725
"User 1690","B","Yes","Desktop","No",0
"User 1249","B","Yes","Desktop","No",84.8903577204395
"User 1634","B","Yes","Desktop","No",42.2955457808311
"User 1450","B","Yes","Desktop","Yes",0
"User 550","B","Yes","Desktop","Yes",46.1797458882126
"User 1162","B","Yes","Desktop","No",0
"User 468","B","Yes","Desktop","No",67.0795175019499
"User 1414","B","Yes","Desktop","No",105.476475050047
"User 1694","B","Yes","Desktop","No",82.9202999664095
"User 88","B","Yes","Desktop","Yes",0
"User 135","B","Yes","Desktop","No",0
"User 970","B","Yes","Desktop","No",95.8849057453534
"User 467","B","Yes","Desktop","No",54.5254671379545
"User 1299","B","Yes","Desktop","Yes",0
"User 1786","B","Yes","Desktop","No",114.710023546716
"User 922","B","Yes","Desktop","No",32.2565699026133
"User 1488","B","Yes","Desktop","No",0
"User 757","B","Yes","Desktop","No",84.6303275184147
"User 1241","B","Yes","Desktop","No",59.462834789986
"User 1819","B","Yes","Desktop","No",0
"User 1173","B","Yes","Desktop","Yes",52.3104861822681
"User 1182","B","Yes","Desktop","No",47.8246209085661
"User 1006","B","Yes","Desktop","No",0
"User 1434","B","Yes","Desktop","Yes",0
"User 1699","B","Yes","Desktop","No",0
"User 464","B","Yes","Desktop","No",41.8134487149677
"User 690","B","Yes","Desktop","Yes",0
"User 476","B","Yes","Desktop","No",33.2803517459996
"User 1659","B","Yes","Desktop","No",46.780496941742
"User 430","B","Yes","Desktop","No",51.797878926202
"User 1530","B","Yes","Desktop","No",62.2997663898056
"User 1962","B","Yes","Desktop","Yes",54.4748332991363
"User 686","B","Yes","Desktop","No",43.6132194897162
"User 431","B","Yes","Desktop","Yes",72.8011312992031
"User 1153","B","Yes","Desktop","No",38.7224476299521
"User 23","B","Yes","Desktop","Yes",0
"User 497","B","Yes","Desktop","No",103.279987486574
"User 823","B","Yes","Desktop","No",39.8206524653236
"User 1749","B","Yes","Desktop","No",61.1684262049489
"User 890","B","Yes","Desktop","Yes",84.8486702954297
"User 1489","B","Yes","Desktop","No",0
"User 601","B","Yes","Desktop","Yes",0
"User 279","B","Yes","Desktop","No",59.8265314302999
"User 1490","B","Yes","Desktop","No",0
"User 1854","B","Yes","Desktop","No",63.6359495966011
"User 720","B","Yes","Desktop","No",0
"User 1563","B","Yes","Desktop","No",86.8881601126627
"User 1537","B","Yes","Desktop","No",91.8992506902941
"User 74","B","Yes","Desktop","No",45.2324535991536
"User 1057","B","Yes","Desktop","No",37.2371189213388
"User 960","B","Yes","Desktop","No",41.867499263528
"User 1005","B","Yes","Desktop","No",67.9820400261358
"User 818","B","Yes","Desktop","No",110.757471792365
"User 152","B","Yes","Desktop","No",73.8392632039857
"User 1921","B","Yes","Desktop","No",0
"User 1773","B","Yes","Desktop","No",46.9175357062089
"User 679","B","Yes","Desktop","No",41.8290879161155
"User 1326","B","Yes","Desktop","No",0
"User 912","B","Yes","Desktop","No",37.193474382844
"User 1355","B","Yes","Desktop","No",0
"User 429","B","Yes","Desktop","No",0
"User 507","B","Yes","Desktop","No",0
"User 337","B","Yes","Desktop","Yes",34.7959558740193
"User 1514","B","Yes","Desktop","No",76.289998977261
"User 394","B","Yes","Desktop","No",0
"User 1758","B","Yes","Desktop","No",42.9635807706773
"User 795","B","Yes","Desktop","No",0
"User 1229","B","Yes","Desktop","No",0
"User 480","B","Yes","Desktop","No",0
"User 320","B","Yes","Desktop","No",0
"User 1283","B","Yes","Desktop","No",47.9913702023717
"User 408","B","Yes","Desktop","Yes",87.0844646419199
"User 178","B","Yes","Desktop","No",67.2980699412747
"User 1284","B","Yes","Desktop","Yes",0
"User 1037","B","Yes","Desktop","Yes",74.1719876036761
"User 635","B","Yes","Desktop","No",0
"User 782","B","Yes","Desktop","No",0
"User 1840","B","Yes","Desktop","No",0
"User 1175","B","Yes","Desktop","No",77.2781210437742
"User 1577","B","Yes","Desktop","No",55.975521168082
"User 98","B","Yes","Desktop","Yes",42.850902519037
"User 1075","B","Yes","Desktop","Yes",54.5786768032663
"User 1097","B","Yes","Desktop","No",0
"User 776","B","Yes","Desktop","Yes",0
"User 458","B","Yes","Desktop","Yes",32.6564283030445
"User 584","B","Yes","Desktop","No",85.9235835859498
"User 1043","B","Yes","Desktop","No",0
"User 1121","B","Yes","Desktop","No",0
"User 904","B","Yes","Desktop","No",0
"User 1346","B","Yes","Desktop","No",38.9522275889423
"User 684","B","Yes","Desktop","Yes",38.5874566113222
"User 1558","B","Yes","Desktop","Yes",0
"User 1771","B","Yes","Desktop","No",36.4590603126058
"User 397","B","Yes","Desktop","Yes",82.783306791685
"User 1833","B","Yes","Desktop","No",0
"User 723","B","Yes","Desktop","No",113.995560594217
"User 964","B","Yes","Desktop","Yes",63.2834921821808
"User 1542","B","Yes","Desktop","Yes",37.6883975718995
"User 1209","B","Yes","Desktop","No",91.62267770272
"User 1816","B","Yes","Desktop","No",0
"User 1150","B","Yes","Desktop","No",109.429536849399
"User 24","B","Yes","Desktop","No",60.5328304879832
"User 1680","B","Yes","Desktop","No",0
"User 1474","B","Yes","Desktop","No",98.9060983838997
"User 1070","B","Yes","Desktop","No",51.4838686843636
"User 667","B","Yes","Desktop","Yes",0
"User 828","B","Yes","Desktop","No",0
"User 146","B","Yes","Desktop","No",109.66775810674
"User 1730","B","Yes","Desktop","No",73.6720819253429
"User 1608","B","Yes","Desktop","No",0
"User 9","B","Yes","Desktop","No",0
"User 646","B","Yes","Desktop","No",109.903326468924
"User 473","B","Yes","Desktop","Yes",69.4850454129499
"User 1159","B","Yes","Desktop","No",0
"User 514","B","Yes","Desktop","No",49.5805904781651
"User 1497","B","Yes","Desktop","No",0
"User 1263","B","Yes","Desktop","No",36.6215261492264
"User 1861","B","Yes","Desktop","No",85.5666331558456
"User 496","B","Yes","Desktop","Yes",0
"User 316","B","Yes","Desktop","Yes",0
"User 11","B","Yes","Desktop","No",75.0689706341165
"User 1905","B","Yes","Desktop","Yes",52.7709110642841
"User 1572","B","Yes","Desktop","No",77.7905405342944
"User 896","B","Yes","Desktop","No",0
"User 1340","B","Yes","Desktop","No",48.3250869299349
"User 581","B","Yes","Desktop","No",0
"User 1272","B","Yes","Desktop","Yes",125.247150315081
"User 1922","B","Yes","Desktop","Yes",0
"User 802","B","Yes","Desktop","Yes",0
"User 1425","B","Yes","Desktop","Yes",0
"User 1208","B","Yes","Desktop","No",58.1902218882342
"User 741","B","Yes","Desktop","No",67.8355719240031
"User 1913","B","Yes","Desktop","Yes",39.4653635248555
"User 1707","B","Yes","Desktop","No",40.2467012494592
"User 217","B","Yes","Desktop","Yes",86.4004338270816
"User 1506","B","Yes","Desktop","No",63.4214114018288
"User 1018","B","Yes","Desktop","No",44.7918445726697
"User 1853","B","Yes","Desktop","No",87.0124415216821
"User 442","B","Yes","Desktop","No",62.1209577082845
"User 1013","B","Yes","Desktop","No",52.9469730024447
"User 999","B","Yes","Desktop","No",0
"User 159","B","Yes","Desktop","Yes",0
"User 1095","B","Yes","Desktop","No",83.0504409467263
"User 417","B","Yes","Desktop","Yes",109.567650093302
"User 1048","B","Yes","Desktop","No",0
"User 1638","B","Yes","Desktop","No",97.3661055387108
"User 1637","B","Yes","Desktop","No",63.4176912649849
"User 1503","B","Yes","Desktop","No",95.6239640089819
"User 1764","B","Yes","Desktop","No",42.6786997371811
"User 746","B","Yes","Desktop","Yes",0
"User 92","B","Yes","Desktop","No",52.2165438153794
"User 126","B","Yes","Desktop","No",71.7810777956382
"User 270","B","Yes","Desktop","No",0
"User 385","B","Yes","Desktop","No",0
"User 368","B","Yes","Desktop","No",0
"User 1878","B","Yes","Desktop","No",67.7026798805585
"User 1180","B","Yes","Desktop","No",0
"User 1501","B","Yes","Desktop","No",31.0734721618182
"User 1049","B","Yes","Desktop","Yes",33.9723461754757
"User 973","B","Yes","Desktop","No",62.6632060004583
"User 1217","B","Yes","Desktop","No",0
"User 1383","B","Yes","Desktop","No",72.5703619485731
"User 1605","B","Yes","Desktop","No",0
"User 1345","B","Yes","Desktop","Yes",0
"User 564","B","Yes","Desktop","No",0
"User 893","B","Yes","Desktop","No",146.765585132951
"User 1685","B","Yes","Desktop","Yes",35.0144531966491
"User 1085","B","Yes","Desktop","No",62.7424642900938
"User 613","B","Yes","Desktop","No",37.0526474158319
"User 1678","B","Yes","Desktop","No",44.5546262375328
"User 1923","B","Yes","Desktop","No",0
"User 1950","B","Yes","Desktop","No",33.1404374173324
"User 856","B","Yes","Desktop","No",96.2860506367407
"User 1495","B","Yes","Desktop","No",54.7021884777298
"User 94","B","Yes","Desktop","Yes",81.6799497338704
"User 1934","B","Yes","Desktop","No",54.1570109668517
"User 1890","B","Yes","Desktop","Yes",98.8711393213302
"User 134","B","Yes","Desktop","No",44.320718484959
"User 450","B","Yes","Desktop","No",78.5654050159147
"User 1051","B","Yes","Desktop","No",44.9391591784215
"User 1323","B","Yes","Desktop","No",30.1690457945902
"User 245","B","Yes","Desktop","Yes",38.6645229384445
"User 118","B","Yes","Desktop","No",0
"User 1199","B","Yes","Desktop","No",45.2711600829967
"User 750","B","Yes","Desktop","No",38.343195318982
"User 197","B","Yes","Desktop","No",0
"User 1761","B","Yes","Desktop","No",35.1972424296705
"User 296","B","Yes","Desktop","Yes",38.1243729919255
"User 1893","B","Yes","Desktop","No",80.8742492344294
"User 63","B","Yes","Desktop","No",63.4259947224693
"User 575","B","Yes","Desktop","No",67.822260663529
"User 589","B","Yes","Desktop","Yes",69.4094587468914
"User 1712","B","Yes","Desktop","Yes",34.1298798152164
"User 1532","B","Yes","Desktop","No",41.5246073823832
"User 1507","B","Yes","Desktop","No",30.5886710112345
"User 239","B","Yes","Desktop","No",81.4104723345288
"User 456","B","Yes","Desktop","No",47.6470944416625
"User 1053","B","Yes","Desktop","Yes",75.8297424574741
"User 95","B","Yes","Desktop","Yes",0
"User 900","B","Yes","Desktop","No",0
"User 1616","B","Yes","Desktop","Yes",50.3045649074163
"User 22","B","Yes","Desktop","No",41.7403089718832
"User 880","B","Yes","Desktop","No",133.024157855595
"User 562","B","Yes","Desktop","Yes",60.7411815766635
"User 284","B","Yes","Desktop","No",0
"User 1999","B","Yes","Desktop","No",38.92527882379
"User 754","B","Yes","Desktop","No",77.3757435118489
"User 958","B","Yes","Desktop","No",43.7780718894063
"User 182","B","Yes","Desktop","Yes",0
"User 848","B","Yes","Desktop","No",0
"User 1794","B","Yes","Desktop","No",0
"User 1734","B","Yes","Desktop","No",0
"User 536","B","Yes","Desktop","No",37.1195734999038
"User 1078","B","Yes","Desktop","No",33.1520104684816
"User 1748","B","Yes","Desktop","No",88.6309801294959
"User 119","B","Yes","Desktop","Yes",69.7900064794681
"User 398","B","Yes","Desktop","Yes",99.984540926975
"User 1964","B","Yes","Desktop","No",165.603874168889
"User 380","B","Yes","Desktop","No",54.6765450131858
"User 671","B","Yes","Desktop","No",0
"User 1587","B","Yes","Desktop","Yes",32.4957387788301
"User 1954","B","Yes","Desktop","No",42.2682378772435
"User 471","B","Yes","Desktop","No",134.816231775048
"User 1089","B","Yes","Desktop","Yes",30.6779759033569
"User 1117","B","Yes","Mobile","No",34.9404557861021
"User 1270","B","Yes","Mobile","No",69.7992710751594
"User 407","B","Yes","Mobile","No",71.1681667763548
"User 744","B","Yes","Mobile","No",0
"User 1953","B","Yes","Mobile","Yes",46.3789332953724
"User 530","B","Yes","Mobile","No",0
"User 936","B","Yes","Mobile","No",62.6180304952313
"User 1682","B","Yes","Mobile","No",92.8997022504801
"User 1785","B","Yes","Mobile","No",0
"User 638","B","Yes","Mobile","No",0
"User 1600","B","Yes","Mobile","Yes",0
"User 1155","B","Yes","Mobile","Yes",60.1656242588306
"User 543","B","Yes","Mobile","No",89.1862478332116
"User 1455","B","Yes","Mobile","Yes",49.3610901492569
"User 1403","B","Yes","Mobile","Yes",41.0029996062044
"User 91","B","Yes","Mobile","No",0
"User 300","B","Yes","Mobile","Yes",87.6789450925567
"User 1979","B","Yes","Mobile","No",99.992290365055
"User 1704","B","Yes","Mobile","No",34.6665526387108
"User 475","B","Yes","Mobile","No",40.4220919935736
"User 678","B","Yes","Mobile","No",43.8231537209996
"User 1305","B","Yes","Mobile","No",52.370808511799
"User 706","B","Yes","Mobile","No",0
"User 1720","B","Yes","Mobile","No",0
"User 1142","B","Yes","Mobile","Yes",103.786871683814
"User 504","B","Yes","Mobile","Yes",74.8987096091587
"User 957","B","Yes","Mobile","Yes",30.565700227804
"User 39","B","Yes","Mobile","No",61.158394153929
"User 1158","B","Yes","Mobile","No",0
"User 1335","B","Yes","Mobile","No",0
"User 415","B","Yes","Mobile","Yes",0
"User 588","B","Yes","Mobile","No",98.8059799342387
"User 1342","B","Yes","Mobile","No",0
"User 1147","B","Yes","Mobile","No",0
"User 1622","B","Yes","Mobile","Yes",75.5252283523473
"User 1857","B","Yes","Mobile","No",0
"User 1582","B","Yes","Mobile","No",0
"User 466","B","Yes","Mobile","Yes",30.7542285913022
"User 1612","B","Yes","Mobile","Yes",88.2232844276664
"User 41","B","Yes","Mobile","No",0
"User 485","B","Yes","Mobile","No",92.2526981942703
"User 257","B","Yes","Mobile","No",0
"User 1019","B","Yes","Mobile","Yes",109.586547086903
"User 1079","B","Yes","Mobile","Yes",0
"User 694","B","Yes","Mobile","Yes",43.3229469108317
"User 1946","B","Yes","Mobile","Yes",51.9829349934589
"User 1874","B","Yes","Mobile","No",0
"User 894","B","Yes","Mobile","Yes",88.6034632123108
"User 1817","B","Yes","Mobile","No",83.5927860991578
"User 996","B","Yes","Mobile","No",42.4260247234177
"User 1029","B","Yes","Mobile","No",54.5239137469969
"User 254","B","Yes","Mobile","No",45.0911592769911
"User 961","B","Yes","Mobile","Yes",70.8048416419926
"User 884","B","Yes","Mobile","Yes",133.638252265333
"User 137","B","Yes","Mobile","Yes",131.741458352354
"User 1801","B","Yes","Mobile","Yes",0
"User 1533","B","Yes","Mobile","Yes",62.5631920839177
"User 62","B","Yes","Mobile","No",30.4938058118536
"User 1236","B","Yes","Mobile","Yes",44.7023648554917
"User 1963","B","Yes","Mobile","Yes",0
"User 1306","B","Yes","Mobile","No",100.562919333704
"User 838","B","Yes","Mobile","No",35.789589912898
"User 168","B","Yes","Mobile","No",34.0647564120678
"User 1033","B","Yes","Mobile","Yes",37.8781220489467
"User 1410","B","Yes","Mobile","Yes",42.85366905275
"User 1571","B","Yes","Mobile","Yes",53.6075159085122
"User 805","B","Yes","Mobile","Yes",66.1055255098307
"User 1847","B","Yes","Mobile","Yes",34.6968573429244
"User 919","B","Yes","Mobile","Yes",124.005517075128
"User 1174","B","Yes","Mobile","No",103.884388155813
"User 1310","B","Yes","Mobile","No",103.403957123434
"User 1989","B","Yes","Mobile","No",43.2523428649569
"User 1454","B","Yes","Mobile","Yes",0
"User 1580","B","Yes","Mobile","No",0
"User 1983","B","Yes","Mobile","Yes",0
"User 516","B","Yes","Mobile","Yes",0
"User 1119","B","Yes","Mobile","Yes",89.1702918919539
"User 846","B","Yes","Mobile","No",31.8026154535065
"User 1087","B","Yes","Mobile","No",90.6793825242205
"User 1951","B","Yes","Mobile","No",54.9298085954033
"User 272","B","Yes","Mobile","No",61.7883449952547
"User 871","B","Yes","Mobile","No",67.6844599149042
"User 1595","B","Yes","Mobile","No",0
"User 1617","B","Yes","Mobile","No",119.887083377673
"User 1805","B","Yes","Mobile","No",55.2842623743239
"User 313","B","Yes","Mobile","Yes",59.8067809699313
"User 755","B","Yes","Mobile","No",51.9451349739263
"User 1525","B","Yes","Mobile","Yes",59.8607833712909
"User 331","B","Yes","Mobile","No",87.4932235004484
"User 1597","B","Yes","Mobile","No",38.8878516197321
"User 329","B","Yes","Mobile","Yes",31.3846511102306
"User 1482","B","Yes","Mobile","No",34.8654002916567
"User 1599","B","Yes","Mobile","Yes",69.1095889473657
"User 789","B","Yes","Mobile","Yes",33.3259465443177
"User 3","B","Yes","Mobile","No",108.426528855135
"User 1277","B","Yes","Mobile","No",0
"User 634","B","Yes","Mobile","No",0
"User 1746","B","Yes","Mobile","Yes",0
"User 1473","B","Yes","Mobile","No",92.5742806243127
"User 1376","B","Yes","Mobile","No",91.3670036229451
"User 1713","B","No",NA,NA,0
"User 311","B","No",NA,NA,56.2644690692342
"User 1642","B","No",NA,NA,0
"User 1952","B","No",NA,NA,0
"User 492","B","No",NA,NA,0
"User 1327","B","No",NA,NA,48.7507544039964
"User 359","B","No",NA,NA,75.1416001006587
"User 1212","B","No",NA,NA,0
"User 1358","B","No",NA,NA,39.8698885171282
"User 843","B","No",NA,NA,0
"User 1285","B","No",NA,NA,74.7643779835555
"User 535","B","No",NA,NA,0
"User 1868","B","No",NA,NA,56.9871909162935
"User 668","B","No",NA,NA,0
"User 198","B","No",NA,NA,0
"User 196","B","No",NA,NA,35.6853120085845
"User 1179","B","No",NA,NA,0
"User 1094","B","No",NA,NA,61.2657832783853
"User 1281","B","No",NA,NA,0
"User 1156","B","No",NA,NA,0
"User 512","B","No",NA,NA,39.264361694782
"User 1034","B","No",NA,NA,75.2582501594435
"User 1658","B","No",NA,NA,95.4783984971722
"User 1315","B","No",NA,NA,53.0124145768837
"User 742","B","No",NA,NA,114.374219201995
"User 624","B","No",NA,NA,63.7251894409451
"User 520","B","No",NA,NA,0
"User 1393","B","No",NA,NA,38.4702758151124
"User 1645","B","No",NA,NA,68.2728557820858
"User 676","B","No",NA,NA,0
"User 1539","B","No",NA,NA,79.6612230002193
"User 1275","B","No",NA,NA,59.1680916695941
"User 1320","B","No",NA,NA,0
"User 1898","B","No",NA,NA,69.4743401582526
"User 539","B","No",NA,NA,78.2983083629122
"User 1541","B","No",NA,NA,0
"User 133","B","No",NA,NA,83.0917910288971
"User 1426","B","No",NA,NA,50.4687075353073
"User 1967","B","No",NA,NA,49.2658715722867
"User 389","B","No",NA,NA,0
"User 1064","B","No",NA,NA,62.9458818673474
"User 696","B","No",NA,NA,0
"User 527","B","No",NA,NA,0
"User 982","B","No",NA,NA,0
"User 393","B","No",NA,NA,54.3104994997745
"User 863","B","No",NA,NA,0
"User 632","B","No",NA,NA,75.8024031586594
"User 948","B","No",NA,NA,51.7823245227132
"User 1562","B","No",NA,NA,74.6577763864937
"User 1842","B","No",NA,NA,0
"User 435","B","No",NA,NA,0
"User 1938","B","No",NA,NA,0
"User 728","B","No",NA,NA,36.5527628002401
"User 558","B","No",NA,NA,150.751993875299
"User 1855","B","No",NA,NA,80.2167196915224
"User 1207","B","No",NA,NA,43.6376736535776
"User 1400","B","No",NA,NA,0
"User 1902","B","No",NA,NA,0
"User 70","B","No",NA,NA,0
"User 1381","B","No",NA,NA,62.7911025873749
"User 465","B","No",NA,NA,110.643114936289
"User 1126","B","No",NA,NA,46.8212504306661
"User 1411","B","No",NA,NA,85.7762862413986
"User 761","B","No",NA,NA,65.6608128679661
"User 1787","B","No",NA,NA,0
"User 1204","B","No",NA,NA,58.467725780955
"User 1055","B","No",NA,NA,0
"User 1566","B","No",NA,NA,63.8432730652727
"User 1255","B","No",NA,NA,0
"User 38","B","No",NA,NA,71.3946850573185
"User 309","B","No",NA,NA,42.1152488172514
"User 219","B","No",NA,NA,0
"User 327","B","No",NA,NA,88.6585092530878
"User 882","B","No",NA,NA,119.140842538121
"User 1231","B","No",NA,NA,0
"User 73","B","No",NA,NA,0
"User 1066","B","No",NA,NA,86.3927184787692
"User 1419","B","No",NA,NA,0
"User 1246","B","No",NA,NA,70.3305440247738
"User 7","B","No",NA,NA,98.9611139692883
"User 561","B","No",NA,NA,36.2805583820749
"User 172","B","No",NA,NA,0
"User 808","B","No",NA,NA,87.0435795320906
"User 1762","B","No",NA,NA,0
"User 472","B","No",NA,NA,62.6979726783895
"User 165","B","No",NA,NA,34.5217664659516
"User 1711","B","No",NA,NA,0
"User 390","B","No",NA,NA,50.886270385785
"User 125","B","No",NA,NA,76.2606936100553
"User 378","B","No",NA,NA,88.4485407103322
"User 1778","B","No",NA,NA,105.582923327587
"User 1975","B","No",NA,NA,0
"User 600","B","No",NA,NA,62.8602475092156
"User 1960","B","No",NA,NA,45.8592288637292
"User 1936","B","No",NA,NA,66.6893167170196
"User 505","B","No",NA,NA,54.7551051186801
"User 1540","B","No",NA,NA,65.1523487731096
"User 1776","B","No",NA,NA,101.559284801395
"User 342","B","No",NA,NA,0
"User 1233","B","No",NA,NA,53.2373922759258
"User 164","B","No",NA,NA,49.1553857708289
"User 905","B","No",NA,NA,61.5555011655725
"User 224","B","No",NA,NA,0
"User 1631","B","No",NA,NA,0
"User 287","B","No",NA,NA,0
"User 1628","B","No",NA,NA,0
"User 1603","B","No",NA,NA,0
"User 1744","B","No",NA,NA,67.3611277915311
"User 1096","B","No",NA,NA,45.2102674465181
"User 1724","B","No",NA,NA,0
"User 1093","B","No",NA,NA,110.507461611811
"User 1791","B","No",NA,NA,109.482475913991
"User 1282","B","No",NA,NA,0
"User 1556","B","No",NA,NA,0
"User 451","B","No",NA,NA,54.8540589423841
"User 1987","B","No",NA,NA,45.622485289267
"User 1689","B","No",NA,NA,0
"User 17","B","No",NA,NA,31.6075890624634
"User 1486","B","No",NA,NA,0
"User 171","B","No",NA,NA,49.5375291790044
"User 1438","B","No",NA,NA,58.5879847425647
"User 21","B","No",NA,NA,0
"User 183","B","No",NA,NA,30.5994323368545
"User 255","B","No",NA,NA,87.4809277586753
"User 199","B","No",NA,NA,98.2311405938326
"User 1399","B","No",NA,NA,41.8174520621635
"User 271","B","No",NA,NA,54.2975283693298
"User 308","B","No",NA,NA,0
"User 231","B","No",NA,NA,46.0822956007322
"User 669","B","No",NA,NA,52.2289130919576
"User 1026","B","No",NA,NA,60.9689571259197
"User 617","B","No",NA,NA,0
"User 956","B","No",NA,NA,0
"User 983","B","No",NA,NA,37.8800656313358
"User 1684","B","No",NA,NA,45.3158374096619
"User 294","B","No",NA,NA,40.0197500902635
"User 1656","B","No",NA,NA,41.3047918573509
"User 356","B","No",NA,NA,0
"User 1927","B","No",NA,NA,0
"User 1325","B","No",NA,NA,107.353162931738
"User 459","B","No",NA,NA,71.1637634032752
"User 1127","B","No",NA,NA,36.2926320423696
"User 979","B","No",NA,NA,0
"User 1810","B","No",NA,NA,33.0412249563779
"User 861","B","No",NA,NA,77.4770993607263
"User 1931","B","No",NA,NA,39.5242260868832
"User 938","B","No",NA,NA,37.4543620624132
"User 402","B","No",NA,NA,0
"User 1567","B","No",NA,NA,63.283169840561
"User 1547","B","No",NA,NA,0
"User 1576","B","No",NA,NA,46.9431895769638
"User 1668","B","No",NA,NA,37.3544494239112
"User 247","B","No",NA,NA,0
"User 633","B","No",NA,NA,46.7929273021255
"User 405","B","No",NA,NA,0
"User 357","B","No",NA,NA,47.5475111738929
"User 559","B","No",NA,NA,32.4176829504658
"User 984","B","No",NA,NA,33.6660741094343
"User 1827","B","No",NA,NA,31.2717769741511
"User 1264","B","No",NA,NA,65.0792825926543
"User 1526","B","No",NA,NA,0
"User 1892","B","No",NA,NA,42.215012882758
"User 1601","B","No",NA,NA,0
"User 1262","B","No",NA,NA,0
"User 738","B","No",NA,NA,62.4401287356184
"User 534","B","No",NA,NA,68.4962579673929
"User 747","B","No",NA,NA,0
"User 1416","B","No",NA,NA,0
"User 1681","B","No",NA,NA,0
"User 403","B","No",NA,NA,0
"User 621","B","No",NA,NA,0
"User 1651","B","No",NA,NA,77.0995334618728
"User 1068","B","No",NA,NA,60.7837602542357
"User 764","B","No",NA,NA,177.771329985694
"User 767","B","No",NA,NA,0
"User 695","B","No",NA,NA,0
"User 1294","B","No",NA,NA,81.8435510572343
"User 608","B","No",NA,NA,60.9793795690916
"User 1961","B","No",NA,NA,33.6112619768551
"User 775","B","No",NA,NA,0
"User 1099","B","No",NA,NA,58.6384651867403
"User 1007","B","No",NA,NA,53.2094774042282
"User 1714","B","No",NA,NA,0
"User 722","B","No",NA,NA,84.6035588626096
"User 226","B","No",NA,NA,0
"User 1904","B","No",NA,NA,68.0044924612256
"User 423","B","No",NA,NA,32.4643554362789
"User 1205","B","No",NA,NA,0
"User 895","B","No",NA,NA,0
"User 16","B","No",NA,NA,98.0936861674623
"User 1112","B","No",NA,NA,48.7049715212141
"User 1339","B","No",NA,NA,42.8393426708152
"User 849","B","No",NA,NA,0
"User 1485","B","No",NA,NA,41.3379466764081
"User 1772","B","No",NA,NA,0
"User 448","B","No",NA,NA,85.0434377423671
"User 1835","B","No",NA,NA,60.2984312267125
"User 1028","B","No",NA,NA,53.8037725912944
"User 642","B","No",NA,NA,0
"User 470","B","No",NA,NA,0
"User 1590","B","No",NA,NA,0
"User 1875","B","No",NA,NA,0
"User 637","B","No",NA,NA,0
"User 820","B","No",NA,NA,39.2627717166711
"User 845","B","No",NA,NA,0
"User 817","B","No",NA,NA,0
"User 778","B","No",NA,NA,75.9781025201095
"User 370","B","No",NA,NA,110.249249970478
"User 1432","B","No",NA,NA,0
"User 1290","B","No",NA,NA,89.8940005257934
"User 752","B","No",NA,NA,85.0446934125289
"User 1997","B","No",NA,NA,0
"User 251","B","No",NA,NA,35.1808434378178
"User 1996","B","No",NA,NA,0
"User 1060","B","No",NA,NA,0
"User 889","B","No",NA,NA,0
"User 724","B","No",NA,NA,106.591969849116
"User 654","B","No",NA,NA,0
"User 748","B","No",NA,NA,0
"User 865","B","No",NA,NA,0
"User 1846","B","No",NA,NA,108.560304727239
"User 376","B","No",NA,NA,0
"User 419","B","No",NA,NA,62.7511357381538
"User 295","B","No",NA,NA,56.1946256246066
"User 1124","B","No",NA,NA,0
"User 97","B","No",NA,NA,110.999433608423
"User 344","B","No",NA,NA,43.0192835046469
"User 513","B","No",NA,NA,62.2603091451337
"User 154","B","No",NA,NA,51.4127374482093
"User 150","B","No",NA,NA,45.4107651920894
"User 243","B","No",NA,NA,0
"User 205","B","No",NA,NA,0
"User 1797","B","No",NA,NA,0
"User 1578","B","No",NA,NA,42.1818918989299
"User 1956","B","No",NA,NA,0
"User 1274","B","No",NA,NA,0
"User 570","B","No",NA,NA,65.6222778932019
"User 891","B","No",NA,NA,43.9414915572505
"User 1036","B","No",NA,NA,0
"User 401","B","No",NA,NA,0
"User 1336","B","No",NA,NA,0
"User 96","B","No",NA,NA,40.2603883546183
"User 384","B","No",NA,NA,0
"User 233","B","No",NA,NA,49.4661130362265
"User 1446","B","No",NA,NA,78.1246706532011
"User 275","B","No",NA,NA,94.7973676670682
"User 768","B","No",NA,NA,99.0911841343032
"User 200","B","No",NA,NA,54.1258731166926
"User 1688","B","No",NA,NA,81.7033355229254
"User 1349","B","No",NA,NA,114.104066612492
"User 445","B","No",NA,NA,42.133572786687
"User 486","B","No",NA,NA,0
"User 585","B","No",NA,NA,0
"User 1625","B","No",NA,NA,43.4166372392326
"User 1903","B","No",NA,NA,34.352693727436
"User 1536","B","No",NA,NA,60.7366261855853
"User 885","B","No",NA,NA,85.4144367380022
"User 806","B","No",NA,NA,40.4591236597361
"User 1565","B","No",NA,NA,0
"User 1177","B","No",NA,NA,0
"User 109","B","No",NA,NA,47.9983241298054
"User 1859","B","No",NA,NA,0
"User 51","B","No",NA,NA,0
"User 1278","B","No",NA,NA,0
"User 1977","B","No",NA,NA,0
"User 174","B","No",NA,NA,138.332381540177
"User 1632","B","No",NA,NA,45.757258994644
"User 945","B","No",NA,NA,48.8002051723959
"User 5","B","No",NA,NA,85.8003391750179
"User 1337","B","No",NA,NA,60.4779795010362
"User 1692","B","No",NA,NA,49.0941964492061
"User 1483","B","No",NA,NA,0
"User 1280","B","No",NA,NA,0
"User 346","B","No",NA,NA,0
"User 787","B","No",NA,NA,55.2734305778543
"User 786","B","No",NA,NA,48.7206347388681
"User 1832","B","No",NA,NA,0
"User 1974","B","No",NA,NA,103.158801971129
"User 1613","B","No",NA,NA,86.3198333662581
"User 799","B","No",NA,NA,75.9593984318362
"User 461","B","No",NA,NA,59.8325926183906
"User 1502","B","No",NA,NA,63.6609458369549
"User 44","B","No",NA,NA,0
"User 656","B","No",NA,NA,66.5157378550041
"User 15","B","No",NA,NA,83.9514985868738
"User 569","B","No",NA,NA,49.9849970567698
"User 1375","B","No",NA,NA,0
"User 1169","B","No",NA,NA,54.1424172876301
"User 1811","B","No",NA,NA,0
"User 814","B","No",NA,NA,0
"User 207","B","No",NA,NA,73.8175267429723
"User 1650","B","No",NA,NA,46.2211669584412
"User 1866","B","No",NA,NA,0
"User 1865","B","No",NA,NA,137.350820997516
"User 127","B","No",NA,NA,40.6175052072843
"User 1765","B","No",NA,NA,81.1721781082904
"User 993","B","No",NA,NA,30.9555540775288
"User 587","B","No",NA,NA,0
"User 1770","B","No",NA,NA,55.0179718745502
"User 933","B","No",NA,NA,0
"User 297","B","No",NA,NA,61.0596827739551
"User 902","B","No",NA,NA,107.616859767459
"User 718","B","No",NA,NA,125.804259241919
"User 77","B","No",NA,NA,0
"User 149","B","No",NA,NA,0
"User 124","B","No",NA,NA,88.3367254043897
"User 1353","B","No",NA,NA,45.7437085449765
"User 542","B","No",NA,NA,32.6138031278395
"User 382","B","No",NA,NA,73.0626738824092
"User 500","B","No",NA,NA,87.7426947358043
"User 40","B","No",NA,NA,0
"User 1774","B","No",NA,NA,0
"User 1521","B","No",NA,NA,39.1744459738626
"User 809","B","No",NA,NA,55.6635182674105
"User 307","B","No",NA,NA,73.9302079862178
"User 1172","B","No",NA,NA,0
"User 1649","B","No",NA,NA,46.1458154818003
"User 629","B","No",NA,NA,0
"User 1","B","No",NA,NA,0
"User 1365","B","No",NA,NA,97.59013375591
"User 187","B","No",NA,NA,0
"User 1016","B","No",NA,NA,59.9768397854118
"User 735","B","No",NA,NA,0
"User 1544","B","No",NA,NA,58.7847757776239
"User 1691","B","No",NA,NA,30.4856729529685
"User 1843","B","No",NA,NA,70.7975626162038
"User 1149","B","No",NA,NA,0
"User 1822","B","No",NA,NA,37.8322537740935
"User 552","B","No",NA,NA,0
"User 1413","B","No",NA,NA,142.438399730819
"User 745","B","No",NA,NA,96.5985650982317
"User 1697","B","No",NA,NA,86.8911243569358
"User 765","B","No",NA,NA,32.8451898087843
"User 850","B","No",NA,NA,42.6564280629394
"User 909","B","No",NA,NA,0
"User 1653","B","No",NA,NA,77.5261172294241
"User 875","B","No",NA,NA,0
"User 291","B","No",NA,NA,120.712775948603
"User 816","B","No",NA,NA,93.6770381933524
"User 33","B","No",NA,NA,0
"User 1108","B","No",NA,NA,91.4785416401094
"User 482","B","No",NA,NA,79.6771488190038
"User 1799","B","No",NA,NA,0
"User 1132","B","No",NA,NA,58.7572684514798
"User 1176","B","No",NA,NA,60.7467099014323
"User 478","B","No",NA,NA,64.699865287095
"User 940","B","No",NA,NA,0
"User 784","B","No",NA,NA,0
"User 113","B","No",NA,NA,0
"User 1015","B","No",NA,NA,0
"User 1067","B","No",NA,NA,46.0207334151987
"User 1468","B","No",NA,NA,35.936140353495
"User 1141","B","No",NA,NA,0
"User 341","B","No",NA,NA,0
"User 1665","B","No",NA,NA,0
"User 987","B","No",NA,NA,0
"User 760","B","No",NA,NA,0
"User 1145","B","No",NA,NA,0
"User 1593","B","No",NA,NA,67.4818656621193
"User 1743","B","No",NA,NA,101.591355234862
"User 1907","B","No",NA,NA,0
"User 20","B","No",NA,NA,0
"User 997","B","No",NA,NA,98.5997347437766
"User 1882","B","No",NA,NA,0
"User 319","B","No",NA,NA,79.3887225789153
"User 683","B","No",NA,NA,0
"User 1780","B","No",NA,NA,0
"User 663","B","No",NA,NA,53.4279657510632
"User 1478","B","No",NA,NA,113.020997239999
"User 1545","B","No",NA,NA,66.1345956704816
"User 99","B","No",NA,NA,58.6749420472628
"User 580","B","No",NA,NA,32.2381284896718
"User 439","B","No",NA,NA,0
"User 12","B","No",NA,NA,0
"User 1333","B","No",NA,NA,97.5681130787354
"User 1449","B","No",NA,NA,87.1203235220286
"User 555","B","No",NA,NA,62.4855996271603
"User 1966","B","No",NA,NA,0
"User 762","B","No",NA,NA,0
"User 379","B","No",NA,NA,50.4296520193555
"User 785","B","No",NA,NA,90.7597217804557
"User 565","B","No",NA,NA,0
"User 1334","B","No",NA,NA,59.4311931668617
"User 1183","B","No",NA,NA,0
"User 1235","B","No",NA,NA,0
"User 83","B","No",NA,NA,40.2825426065227
"User 86","B","No",NA,NA,40.2177227842264
"User 1137","B","No",NA,NA,0
"User 1867","B","No",NA,NA,0
"User 711","B","No",NA,NA,0
"User 641","B","No",NA,NA,0
"User 1798","B","No",NA,NA,0
"User 1560","B","No",NA,NA,0
"User 256","B","No",NA,NA,61.0964198849398
"User 2","B","No",NA,NA,0
"User 363","B","No",NA,NA,0
"User 901","B","No",NA,NA,0
"User 790","B","No",NA,NA,36.4666580736217
"User 242","B","No",NA,NA,0
"User 1397","B","No",NA,NA,71.465521192397
"User 1331","B","No",NA,NA,109.363568409307
"User 980","B","No",NA,NA,0
"User 1513","B","No",NA,NA,62.2452938338239
"User 484","B","No",NA,NA,109.51876636021
"User 1314","B","No",NA,NA,53.2863394770366
"User 605","B","No",NA,NA,0
"User 1924","B","No",NA,NA,0
"User 660","B","No",NA,NA,0
"User 443","B","No",NA,NA,31.2346980735422
"User 620","B","No",NA,NA,0
"User 546","B","No",NA,NA,0
"User 1471","B","No",NA,NA,83.3739662625269
"User 1250","B","No",NA,NA,0
"User 606","B","No",NA,NA,0
"User 857","B","No",NA,NA,0
"User 1750","B","No",NA,NA,51.9583729064604
"User 129","B","No",NA,NA,0
"User 1755","B","No",NA,NA,31.4546971099117
"User 166","B","No",NA,NA,91.9996694397372
"User 1635","B","No",NA,NA,53.9315888373925
"User 374","B","No",NA,NA,0
"User 181","B","No",NA,NA,0
"User 781","B","No",NA,NA,71.7855505795859
"User 330","B","No",NA,NA,35.5427962694931
"User 27","B","No",NA,NA,39.0685765315329
"User 556","B","No",NA,NA,43.9836910706101
"User 1760","B","No",NA,NA,30.3491501723646
"User 1814","B","No",NA,NA,55.6469983030198
"User 1802","B","No",NA,NA,58.9523959075191
"User 1071","B","No",NA,NA,0
"User 1894","B","No",NA,NA,67.246435553094
"User 851","B","No",NA,NA,0
"User 521","B","No",NA,NA,82.9653719772158
"User 328","B","No",NA,NA,0
"User 1253","B","No",NA,NA,0
"User 743","B","No",NA,NA,0
"User 314","B","No",NA,NA,39.6968394629985
"User 607","B","No",NA,NA,0
"User 1505","B","No",NA,NA,0
"User 810","B","No",NA,NA,142.1387143349
"User 1116","B","No",NA,NA,0
"User 250","B","No",NA,NA,58.5243109223044
"User 1171","B","No",NA,NA,0
"User 1415","B","No",NA,NA,0
"User 554","B","No",NA,NA,53.8295271519379
"User 1317","B","No",NA,NA,0
"User 1453","B","No",NA,NA,0
"User 1818","B","No",NA,NA,42.4553426400345
"User 917","B","No",NA,NA,0
"User 1135","B","No",NA,NA,38.8844700736748
"User 853","B","No",NA,NA,0
"User 37","B","No",NA,NA,0
"User 1706","B","No",NA,NA,55.5112023654467
"User 1662","B","No",NA,NA,102.089053950915
"User 1667","B","No",NA,NA,0
"User 1009","B","No",NA,NA,48.3231680755379
"User 1958","B","No",NA,NA,59.3033297485068
"User 915","B","No",NA,NA,122.308023945752
"User 89","B","No",NA,NA,108.489798727046
"User 1993","B","No",NA,NA,0
"User 841","B","No",NA,NA,85.0049393155251
"User 1663","B","No",NA,NA,0
"User 1195","B","No",NA,NA,0
"User 1510","B","No",NA,NA,0
"User 1004","B","No",NA,NA,83.3239223086082
"User 1639","B","No",NA,NA,0
"User 727","B","No",NA,NA,44.1157871831023
"User 1309","B","No",NA,NA,0
"User 1943","B","No",NA,NA,0
"User 1918","B","No",NA,NA,132.840715297502
"User 503","B","No",NA,NA,0
"User 1214","B","No",NA,NA,57.2706926653254
"User 411","B","No",NA,NA,0
"User 1136","B","No",NA,NA,0
"User 1032","B","No",NA,NA,0
"User 158","B","No",NA,NA,0
"User 1477","B","No",NA,NA,107.964839609858
"User 1329","B","No",NA,NA,47.1143148670965
"User 1122","B","No",NA,NA,0
"User 1030","B","No",NA,NA,60.5220563388143
"User 264","B","No",NA,NA,59.9883915641216
"User 658","B","No",NA,NA,86.6291444205267
"User 1458","B","No",NA,NA,68.5617041868888
"User 440","B","No",NA,NA,51.1133421010836
"User 1512","B","No",NA,NA,0
"User 705","B","No",NA,NA,68.3322716534521
"User 616","B","No",NA,NA,75.0728562818848
"User 1445","B","No",NA,NA,0
"User 1726","B","No",NA,NA,44.1669831751562
"User 68","B","No",NA,NA,44.4710132674845
"User 1912","B","No",NA,NA,37.5612515178467
"User 474","B","No",NA,NA,0
"User 351","B","No",NA,NA,0
"User 169","B","No",NA,NA,0
"User 935","B","No",NA,NA,40.7915177551072
"User 489","B","No",NA,NA,35.6434555811494
"User 160","B","No",NA,NA,35.0915680312113
"User 1796","B","No",NA,NA,0
"User 361","B","No",NA,NA,36.1658915154788
"User 433","B","No",NA,NA,56.2779347652803
